{
  "51": {
    "accuracies": [
      0.35,
      0.3,
      0.3,
      0.3,
      0.25
    ],
    "balanced_accuracies": [
      0.35,
      0.30000000000000004,
      0.30000000000000004,
      0.3,
      0.25
    ],
    "mean_accuracy": 0.3,
    "std_accuracy": 0.031622776601683784,
    "mean_balanced_accuracy": 0.3,
    "std_balanced_accuracy": 0.031622776601683784
  }
}