{
  "mean_accuracy": 0.5692857142857144,
  "std_accuracy": 0.09730029259347328,
  "mean_balanced_accuracy": 0.5692857142857144,
  "std_balanced_accuracy": 0.09730029259347327,
  "n_subjects": 7,
  "n_folds_total": 35
}