{
  "51": {
    "accuracies": [
      0.3,
      0.3,
      0.25,
      0.2,
      0.35
    ],
    "balanced_accuracies": [
      0.30000000000000004,
      0.3,
      0.25,
      0.2,
      0.35
    ],
    "mean_accuracy": 0.27999999999999997,
    "std_accuracy": 0.05099019513592784,
    "mean_balanced_accuracy": 0.27999999999999997,
    "std_balanced_accuracy": 0.05099019513592784
  }
}