{
  "51": {
    "accuracies": [
      0.35,
      0.25,
      0.45,
      0.35,
      0.25
    ],
    "balanced_accuracies": [
      0.35000000000000003,
      0.25,
      0.45000000000000007,
      0.35000000000000003,
      0.25
    ],
    "mean_accuracy": 0.32999999999999996,
    "std_accuracy": 0.07483314773547883,
    "mean_balanced_accuracy": 0.33000000000000007,
    "std_balanced_accuracy": 0.07483314773547885
  }
}