{
  "mean_accuracy": 0.895,
  "std_accuracy": 0.18466185312619388,
  "mean_balanced_accuracy": 0.895,
  "std_balanced_accuracy": 0.18466185312619388,
  "n_subjects": 7,
  "n_folds_total": 35
}