{
  "48": {
    "accuracies": [
      0.975,
      1.0,
      1.0,
      1.0,
      1.0
    ],
    "balanced_accuracies": [
      0.975,
      1.0,
      1.0,
      1.0,
      1.0
    ],
    "mean_accuracy": 0.9949999999999999,
    "std_accuracy": 0.010000000000000009,
    "mean_balanced_accuracy": 0.9949999999999999,
    "std_balanced_accuracy": 0.010000000000000009
  },
  "49": {
    "accuracies": [
      1.0,
      0.925,
      0.95,
      0.95,
      0.975
    ],
    "balanced_accuracies": [
      1.0,
      0.925,
      0.95,
      0.95,
      0.975
    ],
    "mean_accuracy": 0.96,
    "std_accuracy": 0.025495097567963917,
    "mean_balanced_accuracy": 0.96,
    "std_balanced_accuracy": 0.025495097567963917
  },
  "50": {
    "accuracies": [
      1.0,
      1.0,
      0.975,
      0.975,
      0.975
    ],
    "balanced_accuracies": [
      1.0,
      1.0,
      0.975,
      0.975,
      0.975
    ],
    "mean_accuracy": 0.985,
    "std_accuracy": 0.012247448713915901,
    "mean_balanced_accuracy": 0.985,
    "std_balanced_accuracy": 0.012247448713915901
  },
  "51": {
    "accuracies": [
      0.65,
      0.775,
      0.675,
      0.225,
      0.275
    ],
    "balanced_accuracies": [
      0.65,
      0.7749999999999999,
      0.675,
      0.22499999999999998,
      0.275
    ],
    "mean_accuracy": 0.52,
    "std_accuracy": 0.22494443758403984,
    "mean_balanced_accuracy": 0.5199999999999999,
    "std_balanced_accuracy": 0.22494443758403984
  },
  "52": {
    "accuracies": [
      1.0,
      0.95,
      0.975,
      0.975,
      0.975
    ],
    "balanced_accuracies": [
      1.0,
      0.95,
      0.975,
      0.975,
      0.975
    ],
    "mean_accuracy": 0.975,
    "std_accuracy": 0.01581138830084191,
    "mean_balanced_accuracy": 0.975,
    "std_balanced_accuracy": 0.01581138830084191
  },
  "53": {
    "accuracies": [
      1.0,
      1.0,
      1.0,
      1.0,
      1.0
    ],
    "balanced_accuracies": [
      1.0,
      1.0,
      1.0,
      1.0,
      1.0
    ],
    "mean_accuracy": 1.0,
    "std_accuracy": 0.0,
    "mean_balanced_accuracy": 1.0,
    "std_balanced_accuracy": 0.0
  },
  "54": {
    "accuracies": [
      0.825,
      0.85,
      0.9,
      0.825,
      0.75
    ],
    "balanced_accuracies": [
      0.8250000000000001,
      0.8500000000000001,
      0.9,
      0.825,
      0.75
    ],
    "mean_accuracy": 0.8299999999999998,
    "std_accuracy": 0.048476798574163295,
    "mean_balanced_accuracy": 0.8300000000000001,
    "std_balanced_accuracy": 0.0484767985741633
  }
}