{
  "51": {
    "accuracies": [
      0.25,
      0.45,
      0.4,
      0.35,
      0.25
    ],
    "balanced_accuracies": [
      0.25,
      0.45000000000000007,
      0.4,
      0.35,
      0.25
    ],
    "mean_accuracy": 0.34,
    "std_accuracy": 0.08,
    "mean_balanced_accuracy": 0.34,
    "std_balanced_accuracy": 0.08000000000000003
  }
}