{
  "51": {
    "accuracies": [
      0.4,
      0.3,
      0.25,
      0.25,
      0.35
    ],
    "balanced_accuracies": [
      0.4,
      0.3,
      0.25,
      0.25,
      0.35
    ],
    "mean_accuracy": 0.30999999999999994,
    "std_accuracy": 0.058309518948453015,
    "mean_balanced_accuracy": 0.30999999999999994,
    "std_balanced_accuracy": 0.058309518948453015
  }
}