{
  "mean_accuracy": 0.7064043209876544,
  "std_accuracy": 0.09718240905368221,
  "mean_balanced_accuracy": 0.7064043209876544,
  "std_balanced_accuracy": 0.09718240905368222,
  "n_groups": 9,
  "n_folds_total": 9
}