{
  "51": {
    "accuracies": [
      0.25,
      0.2,
      0.35,
      0.2,
      0.4
    ],
    "balanced_accuracies": [
      0.25,
      0.2,
      0.35,
      0.2,
      0.4
    ],
    "mean_accuracy": 0.27999999999999997,
    "std_accuracy": 0.0812403840463596,
    "mean_balanced_accuracy": 0.27999999999999997,
    "std_balanced_accuracy": 0.0812403840463596
  }
}