{
  "mean_accuracy": 0.27,
  "std_accuracy": 0.10295630140987001,
  "mean_balanced_accuracy": 0.27,
  "std_balanced_accuracy": 0.10295630140987001,
  "n_subjects": 1,
  "n_folds_total": 5
}