{
  "51": {
    "accuracies": [
      0.35,
      0.25,
      0.4,
      0.25,
      0.1
    ],
    "balanced_accuracies": [
      0.35,
      0.25,
      0.4,
      0.25,
      0.1
    ],
    "mean_accuracy": 0.27,
    "std_accuracy": 0.10295630140987001,
    "mean_balanced_accuracy": 0.27,
    "std_balanced_accuracy": 0.10295630140987001
  }
}