{
  "mean_accuracy": 0.5199999999999999,
  "std_accuracy": 0.16,
  "mean_balanced_accuracy": 0.5199999999999999,
  "std_balanced_accuracy": 0.16,
  "n_subjects": 1,
  "n_folds_total": 5
}