{
  "54": {
    "accuracies": [
      0.5,
      0.55,
      0.25,
      0.75,
      0.55
    ],
    "balanced_accuracies": [
      0.5,
      0.5499999999999999,
      0.25,
      0.75,
      0.55
    ],
    "mean_accuracy": 0.5199999999999999,
    "std_accuracy": 0.16,
    "mean_balanced_accuracy": 0.5199999999999999,
    "std_balanced_accuracy": 0.16
  }
}