{
  "51": {
    "accuracies": [
      0.25,
      0.25,
      0.25,
      0.35,
      0.35
    ],
    "balanced_accuracies": [
      0.25,
      0.25,
      0.25,
      0.35000000000000003,
      0.35
    ],
    "mean_accuracy": 0.29000000000000004,
    "std_accuracy": 0.04898979485566354,
    "mean_balanced_accuracy": 0.29000000000000004,
    "std_balanced_accuracy": 0.048989794855663564
  }
}