{
  "51": {
    "accuracies": [
      0.3,
      0.1,
      0.2,
      0.35,
      0.25
    ],
    "balanced_accuracies": [
      0.30000000000000004,
      0.1,
      0.2,
      0.35000000000000003,
      0.25
    ],
    "mean_accuracy": 0.24000000000000005,
    "std_accuracy": 0.08602325267042625,
    "mean_balanced_accuracy": 0.24000000000000005,
    "std_balanced_accuracy": 0.08602325267042628
  }
}