{
  "51": {
    "accuracies": [
      0.4,
      0.35,
      0.2,
      0.3,
      0.3
    ],
    "balanced_accuracies": [
      0.4,
      0.35000000000000003,
      0.2,
      0.30000000000000004,
      0.3
    ],
    "mean_accuracy": 0.31,
    "std_accuracy": 0.066332495807108,
    "mean_balanced_accuracy": 0.31,
    "std_balanced_accuracy": 0.06633249580710801
  }
}