{
  "51": {
    "accuracies": [
      0.35,
      0.25,
      0.2,
      0.35,
      0.25
    ],
    "balanced_accuracies": [
      0.35,
      0.25,
      0.2,
      0.35,
      0.25
    ],
    "mean_accuracy": 0.27999999999999997,
    "std_accuracy": 0.059999999999999984,
    "mean_balanced_accuracy": 0.27999999999999997,
    "std_balanced_accuracy": 0.059999999999999984
  }
}