{
  "51": {
    "accuracies": [
      0.3,
      0.35,
      0.2,
      0.15,
      0.4
    ],
    "balanced_accuracies": [
      0.30000000000000004,
      0.35,
      0.2,
      0.15000000000000002,
      0.4
    ],
    "mean_accuracy": 0.27999999999999997,
    "std_accuracy": 0.09273618495495704,
    "mean_balanced_accuracy": 0.27999999999999997,
    "std_balanced_accuracy": 0.09273618495495704
  }
}