{
  "51": {
    "accuracies": [
      0.2,
      0.4,
      0.1,
      0.45,
      0.25
    ],
    "balanced_accuracies": [
      0.2,
      0.4,
      0.1,
      0.44999999999999996,
      0.25
    ],
    "mean_accuracy": 0.28,
    "std_accuracy": 0.12884098726725127,
    "mean_balanced_accuracy": 0.27999999999999997,
    "std_balanced_accuracy": 0.12884098726725124
  }
}