{
  "1": {
    "accuracies": [
      0.8173719376391982,
      0.8240534521158129,
      0.821826280623608,
      0.8173719376391982,
      0.8415178571428571
    ],
    "balanced_accuracies": [
      0.81729853116316,
      0.823670107185391,
      0.8212187375942834,
      0.8174771734815403,
      0.841267942583732
    ],
    "mean_accuracy": 0.8244282930321349,
    "std_accuracy": 0.008928028658601112,
    "mean_balanced_accuracy": 0.8241864984016214,
    "std_balanced_accuracy": 0.008869150275033938
  },
  "2": {
    "accuracies": [
      0.8938428874734607,
      0.9193205944798302,
      0.9044585987261147,
      0.9193205944798302,
      0.9063829787234042
    ],
    "balanced_accuracies": [
      0.8938852813852813,
      0.9194534632034632,
      0.9042165632664839,
      0.9193027701630356,
      0.9064282997337391
    ],
    "mean_accuracy": 0.908665130776528,
    "std_accuracy": 0.009692056952833423,
    "mean_balanced_accuracy": 0.9086572755504007,
    "std_balanced_accuracy": 0.009724035106702271
  },
  "3": {
    "accuracies": [
      0.9217687074829932,
      0.9455782312925171,
      0.9217687074829932,
      0.931740614334471,
      0.931740614334471
    ],
    "balanced_accuracies": [
      0.9217687074829932,
      0.945578231292517,
      0.9217687074829932,
      0.9317165222253285,
      0.9317398192153574
    ],
    "mean_accuracy": 0.930519374985489,
    "std_accuracy": 0.008751004146373078,
    "mean_balanced_accuracy": 0.9305143975398378,
    "std_balanced_accuracy": 0.008750314720185042
  },
  "4": {
    "accuracies": [
      0.7204545454545455,
      0.683371298405467,
      0.744874715261959,
      0.7608200455580866,
      0.7562642369020501
    ],
    "balanced_accuracies": [
      0.7204545454545455,
      0.6833333333333333,
      0.7449771689497717,
      0.7608239933582399,
      0.7562058945620589
    ],
    "mean_accuracy": 0.7331569683164216,
    "std_accuracy": 0.028553324753838382,
    "mean_balanced_accuracy": 0.7331589871315899,
    "std_balanced_accuracy": 0.028566345751131473
  }
}