{
  "mean_accuracy": 0.27999999999999997,
  "std_accuracy": 0.10770329614269009,
  "mean_balanced_accuracy": 0.27999999999999997,
  "std_balanced_accuracy": 0.1077032961426901,
  "n_subjects": 1,
  "n_folds_total": 5
}