{
  "51": {
    "accuracies": [
      0.25,
      0.45,
      0.15,
      0.2,
      0.35
    ],
    "balanced_accuracies": [
      0.25,
      0.45000000000000007,
      0.15000000000000002,
      0.2,
      0.35
    ],
    "mean_accuracy": 0.27999999999999997,
    "std_accuracy": 0.10770329614269009,
    "mean_balanced_accuracy": 0.27999999999999997,
    "std_balanced_accuracy": 0.1077032961426901
  }
}