{
  "mean_accuracy": 0.3,
  "std_accuracy": 0.07745966692414834,
  "mean_balanced_accuracy": 0.3,
  "std_balanced_accuracy": 0.07745966692414837,
  "n_subjects": 1,
  "n_folds_total": 5
}