{
  "51": {
    "accuracies": [
      0.3,
      0.25,
      0.25,
      0.45,
      0.25
    ],
    "balanced_accuracies": [
      0.30000000000000004,
      0.25,
      0.25,
      0.45000000000000007,
      0.25
    ],
    "mean_accuracy": 0.3,
    "std_accuracy": 0.07745966692414834,
    "mean_balanced_accuracy": 0.3,
    "std_balanced_accuracy": 0.07745966692414837
  }
}