{
  "51": {
    "accuracies": [
      0.3,
      0.4,
      0.15,
      0.4,
      0.25
    ],
    "balanced_accuracies": [
      0.30000000000000004,
      0.4,
      0.15000000000000002,
      0.39999999999999997,
      0.25
    ],
    "mean_accuracy": 0.3,
    "std_accuracy": 0.09486832980505139,
    "mean_balanced_accuracy": 0.3,
    "std_balanced_accuracy": 0.09486832980505137
  }
}