{
  "51": {
    "accuracies": [
      0.4,
      0.4,
      0.15,
      0.15,
      0.2
    ],
    "balanced_accuracies": [
      0.4,
      0.4,
      0.15000000000000002,
      0.15000000000000002,
      0.2
    ],
    "mean_accuracy": 0.26,
    "std_accuracy": 0.11575836902790228,
    "mean_balanced_accuracy": 0.26,
    "std_balanced_accuracy": 0.11575836902790225
  }
}