{
  "mean_accuracy": 0.34,
  "std_accuracy": 0.058309518948453015,
  "mean_balanced_accuracy": 0.33999999999999997,
  "std_balanced_accuracy": 0.058309518948453,
  "n_subjects": 1,
  "n_folds_total": 5
}