{
  "51": {
    "accuracies": [
      0.3,
      0.4,
      0.4,
      0.25,
      0.35
    ],
    "balanced_accuracies": [
      0.3,
      0.4,
      0.39999999999999997,
      0.25,
      0.35
    ],
    "mean_accuracy": 0.34,
    "std_accuracy": 0.058309518948453015,
    "mean_balanced_accuracy": 0.33999999999999997,
    "std_balanced_accuracy": 0.058309518948453
  }
}