{
  "1": {
    "accuracies": [
      0.4444444444444444,
      0.4444444444444444,
      0.5555555555555556,
      0.5555555555555556,
      0.5555555555555556
    ],
    "balanced_accuracies": [
      0.5,
      0.5,
      0.5,
      0.5,
      0.5
    ],
    "mean_accuracy": 0.5111111111111111,
    "std_accuracy": 0.054433105395181765,
    "mean_balanced_accuracy": 0.5,
    "std_balanced_accuracy": 0.0
  },
  "2": {
    "accuracies": [
      0.5555555555555556,
      0.5555555555555556,
      0.5555555555555556,
      0.4444444444444444,
      0.4444444444444444
    ],
    "balanced_accuracies": [
      0.5,
      0.5,
      0.5,
      0.5,
      0.5
    ],
    "mean_accuracy": 0.5111111111111111,
    "std_accuracy": 0.054433105395181765,
    "mean_balanced_accuracy": 0.5,
    "std_balanced_accuracy": 0.0
  },
  "3": {
    "accuracies": [
      0.4444444444444444,
      0.4444444444444444,
      0.5555555555555556,
      0.5555555555555556,
      0.5555555555555556
    ],
    "balanced_accuracies": [
      0.5,
      0.5,
      0.5,
      0.5,
      0.5
    ],
    "mean_accuracy": 0.5111111111111111,
    "std_accuracy": 0.054433105395181765,
    "mean_balanced_accuracy": 0.5,
    "std_balanced_accuracy": 0.0
  },
  "4": {
    "accuracies": [
      0.5555555555555556,
      0.5555555555555556,
      0.5555555555555556,
      0.4444444444444444,
      0.4444444444444444
    ],
    "balanced_accuracies": [
      0.5,
      0.5,
      0.5,
      0.5,
      0.5
    ],
    "mean_accuracy": 0.5111111111111111,
    "std_accuracy": 0.054433105395181765,
    "mean_balanced_accuracy": 0.5,
    "std_balanced_accuracy": 0.0
  },
  "5": {
    "accuracies": [
      0.4444444444444444,
      0.4444444444444444,
      0.4444444444444444,
      0.4444444444444444,
      0.5555555555555556
    ],
    "balanced_accuracies": [
      0.5,
      0.5,
      0.5,
      0.5,
      0.5
    ],
    "mean_accuracy": 0.4666666666666666,
    "std_accuracy": 0.04444444444444447,
    "mean_balanced_accuracy": 0.5,
    "std_balanced_accuracy": 0.0
  },
  "6": {
    "accuracies": [
      0.5555555555555556,
      0.5555555555555556,
      0.5555555555555556,
      0.5555555555555556,
      0.4444444444444444
    ],
    "balanced_accuracies": [
      0.5,
      0.5,
      0.5,
      0.5,
      0.5
    ],
    "mean_accuracy": 0.5333333333333334,
    "std_accuracy": 0.04444444444444447,
    "mean_balanced_accuracy": 0.5,
    "std_balanced_accuracy": 0.0
  },
  "7": {
    "accuracies": [
      0.5555555555555556,
      0.5555555555555556,
      0.5555555555555556,
      0.4444444444444444,
      0.4444444444444444
    ],
    "balanced_accuracies": [
      0.5,
      0.5,
      0.5,
      0.5,
      0.5
    ],
    "mean_accuracy": 0.5111111111111111,
    "std_accuracy": 0.054433105395181765,
    "mean_balanced_accuracy": 0.5,
    "std_balanced_accuracy": 0.0
  },
  "8": {
    "accuracies": [
      0.5555555555555556,
      0.5555555555555556,
      0.4444444444444444,
      0.4444444444444444,
      0.4444444444444444
    ],
    "balanced_accuracies": [
      0.5,
      0.5,
      0.5,
      0.5,
      0.5
    ],
    "mean_accuracy": 0.48888888888888893,
    "std_accuracy": 0.054433105395181765,
    "mean_balanced_accuracy": 0.5,
    "std_balanced_accuracy": 0.0
  },
  "9": {
    "accuracies": [
      0.4444444444444444,
      0.5555555555555556,
      0.5555555555555556,
      0.5555555555555556,
      0.5555555555555556
    ],
    "balanced_accuracies": [
      0.5,
      0.5,
      0.5,
      0.5,
      0.5
    ],
    "mean_accuracy": 0.5333333333333334,
    "std_accuracy": 0.04444444444444447,
    "mean_balanced_accuracy": 0.5,
    "std_balanced_accuracy": 0.0
  }
}