{
  "51": {
    "accuracies": [
      0.25,
      0.25,
      0.25,
      0.2,
      0.25
    ],
    "balanced_accuracies": [
      0.25,
      0.25,
      0.25,
      0.2,
      0.25
    ],
    "mean_accuracy": 0.24,
    "std_accuracy": 0.019999999999999997,
    "mean_balanced_accuracy": 0.24,
    "std_balanced_accuracy": 0.019999999999999997
  }
}