{
  "51": {
    "accuracies": [
      0.2,
      0.45,
      0.2,
      0.25,
      0.15
    ],
    "balanced_accuracies": [
      0.2,
      0.45000000000000007,
      0.2,
      0.25,
      0.15000000000000002
    ],
    "mean_accuracy": 0.25,
    "std_accuracy": 0.10488088481701517,
    "mean_balanced_accuracy": 0.25,
    "std_balanced_accuracy": 0.10488088481701517
  }
}