{
  "mean_accuracy": 0.9149999999999999,
  "std_accuracy": 0.13604096021839474,
  "mean_balanced_accuracy": 0.9149999999999999,
  "std_balanced_accuracy": 0.13604096021839474,
  "n_subjects": 7,
  "n_folds_total": 35
}