{
  "48": {
    "accuracies": [
      0.975,
      1.0,
      1.0,
      1.0,
      1.0
    ],
    "balanced_accuracies": [
      0.975,
      1.0,
      1.0,
      1.0,
      1.0
    ],
    "mean_accuracy": 0.9949999999999999,
    "std_accuracy": 0.010000000000000009,
    "mean_balanced_accuracy": 0.9949999999999999,
    "std_balanced_accuracy": 0.010000000000000009
  },
  "49": {
    "accuracies": [
      1.0,
      0.975,
      0.975,
      0.975,
      0.975
    ],
    "balanced_accuracies": [
      1.0,
      0.975,
      0.975,
      0.975,
      0.975
    ],
    "mean_accuracy": 0.9800000000000001,
    "std_accuracy": 0.010000000000000009,
    "mean_balanced_accuracy": 0.9800000000000001,
    "std_balanced_accuracy": 0.010000000000000009
  },
  "50": {
    "accuracies": [
      1.0,
      1.0,
      0.975,
      0.975,
      1.0
    ],
    "balanced_accuracies": [
      1.0,
      1.0,
      0.975,
      0.975,
      1.0
    ],
    "mean_accuracy": 0.99,
    "std_accuracy": 0.012247448713915901,
    "mean_balanced_accuracy": 0.99,
    "std_balanced_accuracy": 0.012247448713915901
  },
  "51": {
    "accuracies": [
      0.675,
      0.6,
      0.65,
      0.675,
      0.475
    ],
    "balanced_accuracies": [
      0.675,
      0.6,
      0.65,
      0.6749999999999999,
      0.475
    ],
    "mean_accuracy": 0.615,
    "std_accuracy": 0.07516648189186456,
    "mean_balanced_accuracy": 0.615,
    "std_balanced_accuracy": 0.07516648189186455
  },
  "52": {
    "accuracies": [
      1.0,
      0.95,
      0.975,
      1.0,
      0.975
    ],
    "balanced_accuracies": [
      1.0,
      0.95,
      0.975,
      1.0,
      0.975
    ],
    "mean_accuracy": 0.9799999999999999,
    "std_accuracy": 0.018708286933869726,
    "mean_balanced_accuracy": 0.9799999999999999,
    "std_balanced_accuracy": 0.018708286933869726
  },
  "53": {
    "accuracies": [
      1.0,
      1.0,
      1.0,
      1.0,
      1.0
    ],
    "balanced_accuracies": [
      1.0,
      1.0,
      1.0,
      1.0,
      1.0
    ],
    "mean_accuracy": 1.0,
    "std_accuracy": 0.0,
    "mean_balanced_accuracy": 1.0,
    "std_balanced_accuracy": 0.0
  },
  "54": {
    "accuracies": [
      0.85,
      0.85,
      0.875,
      0.8,
      0.85
    ],
    "balanced_accuracies": [
      0.85,
      0.8500000000000001,
      0.875,
      0.8,
      0.85
    ],
    "mean_accuracy": 0.845,
    "std_accuracy": 0.02449489742783176,
    "mean_balanced_accuracy": 0.845,
    "std_balanced_accuracy": 0.024494897427831768
  }
}