{
  "51": {
    "accuracies": [
      0.45,
      0.25,
      0.15,
      0.35,
      0.35
    ],
    "balanced_accuracies": [
      0.44999999999999996,
      0.25,
      0.15000000000000002,
      0.35,
      0.35000000000000003
    ],
    "mean_accuracy": 0.30999999999999994,
    "std_accuracy": 0.10198039027185571,
    "mean_balanced_accuracy": 0.31,
    "std_balanced_accuracy": 0.10198039027185568
  }
}