{
  "54": {
    "accuracies": [
      0.5,
      0.8,
      0.55,
      0.8,
      0.65
    ],
    "balanced_accuracies": [
      0.5,
      0.8,
      0.55,
      0.8,
      0.65
    ],
    "mean_accuracy": 0.66,
    "std_accuracy": 0.12409673645990858,
    "mean_balanced_accuracy": 0.66,
    "std_balanced_accuracy": 0.12409673645990858
  }
}