{
  "mean_accuracy": 0.8607142857142858,
  "std_accuracy": 0.2164061751731249,
  "mean_balanced_accuracy": 0.8607142857142858,
  "std_balanced_accuracy": 0.21640617517312488,
  "n_subjects": 7,
  "n_folds_total": 35
}