{
  "48": {
    "accuracies": [
      0.95,
      1.0,
      1.0,
      1.0,
      1.0
    ],
    "balanced_accuracies": [
      0.95,
      1.0,
      1.0,
      1.0,
      1.0
    ],
    "mean_accuracy": 0.99,
    "std_accuracy": 0.020000000000000018,
    "mean_balanced_accuracy": 0.99,
    "std_balanced_accuracy": 0.020000000000000018
  },
  "49": {
    "accuracies": [
      1.0,
      0.95,
      0.925,
      0.95,
      0.975
    ],
    "balanced_accuracies": [
      1.0,
      0.95,
      0.925,
      0.95,
      0.975
    ],
    "mean_accuracy": 0.96,
    "std_accuracy": 0.025495097567963917,
    "mean_balanced_accuracy": 0.96,
    "std_balanced_accuracy": 0.025495097567963917
  },
  "50": {
    "accuracies": [
      1.0,
      1.0,
      1.0,
      1.0,
      1.0
    ],
    "balanced_accuracies": [
      1.0,
      1.0,
      1.0,
      1.0,
      1.0
    ],
    "mean_accuracy": 1.0,
    "std_accuracy": 0.0,
    "mean_balanced_accuracy": 1.0,
    "std_balanced_accuracy": 0.0
  },
  "51": {
    "accuracies": [
      0.4,
      0.5,
      0.55,
      0.125,
      0.425
    ],
    "balanced_accuracies": [
      0.4,
      0.5,
      0.55,
      0.125,
      0.42500000000000004
    ],
    "mean_accuracy": 0.4,
    "std_accuracy": 0.14747881203752627,
    "mean_balanced_accuracy": 0.4,
    "std_balanced_accuracy": 0.14747881203752627
  },
  "52": {
    "accuracies": [
      0.95,
      0.925,
      0.925,
      1.0,
      0.925
    ],
    "balanced_accuracies": [
      0.95,
      0.925,
      0.925,
      1.0,
      0.925
    ],
    "mean_accuracy": 0.945,
    "std_accuracy": 0.029154759474226483,
    "mean_balanced_accuracy": 0.945,
    "std_balanced_accuracy": 0.029154759474226483
  },
  "53": {
    "accuracies": [
      1.0,
      1.0,
      1.0,
      1.0,
      1.0
    ],
    "balanced_accuracies": [
      1.0,
      1.0,
      1.0,
      1.0,
      1.0
    ],
    "mean_accuracy": 1.0,
    "std_accuracy": 0.0,
    "mean_balanced_accuracy": 1.0,
    "std_balanced_accuracy": 0.0
  },
  "54": {
    "accuracies": [
      0.725,
      0.8,
      0.75,
      0.65,
      0.725
    ],
    "balanced_accuracies": [
      0.7250000000000001,
      0.8,
      0.75,
      0.6499999999999999,
      0.7250000000000001
    ],
    "mean_accuracy": 0.73,
    "std_accuracy": 0.048476798574163295,
    "mean_balanced_accuracy": 0.7300000000000001,
    "std_balanced_accuracy": 0.04847679857416333
  }
}