{
  "51": {
    "accuracies": [
      0.25,
      0.25,
      0.45,
      0.15,
      0.35
    ],
    "balanced_accuracies": [
      0.25,
      0.25,
      0.44999999999999996,
      0.15000000000000002,
      0.35
    ],
    "mean_accuracy": 0.2899999999999999,
    "std_accuracy": 0.10198039027185571,
    "mean_balanced_accuracy": 0.29000000000000004,
    "std_balanced_accuracy": 0.10198039027185568
  }
}