{
  "48": {
    "accuracies": [
      1.0,
      1.0,
      0.975,
      1.0,
      1.0
    ],
    "balanced_accuracies": [
      1.0,
      1.0,
      0.975,
      1.0,
      1.0
    ],
    "mean_accuracy": 0.9949999999999999,
    "std_accuracy": 0.010000000000000009,
    "mean_balanced_accuracy": 0.9949999999999999,
    "std_balanced_accuracy": 0.010000000000000009
  },
  "49": {
    "accuracies": [
      0.975,
      1.0,
      0.975,
      0.95,
      1.0
    ],
    "balanced_accuracies": [
      0.975,
      1.0,
      0.975,
      0.95,
      1.0
    ],
    "mean_accuracy": 0.9800000000000001,
    "std_accuracy": 0.018708286933869722,
    "mean_balanced_accuracy": 0.9800000000000001,
    "std_balanced_accuracy": 0.018708286933869722
  },
  "50": {
    "accuracies": [
      1.0,
      0.975,
      1.0,
      0.95,
      1.0
    ],
    "balanced_accuracies": [
      1.0,
      0.975,
      1.0,
      0.95,
      1.0
    ],
    "mean_accuracy": 0.985,
    "std_accuracy": 0.020000000000000018,
    "mean_balanced_accuracy": 0.985,
    "std_balanced_accuracy": 0.020000000000000018
  },
  "51": {
    "accuracies": [
      0.625,
      0.6,
      0.5,
      0.625,
      0.575
    ],
    "balanced_accuracies": [
      0.625,
      0.6,
      0.5,
      0.625,
      0.575
    ],
    "mean_accuracy": 0.585,
    "std_accuracy": 0.04636809247747852,
    "mean_balanced_accuracy": 0.585,
    "std_balanced_accuracy": 0.04636809247747852
  },
  "52": {
    "accuracies": [
      0.95,
      1.0,
      0.925,
      1.0,
      0.975
    ],
    "balanced_accuracies": [
      0.95,
      1.0,
      0.925,
      1.0,
      0.975
    ],
    "mean_accuracy": 0.97,
    "std_accuracy": 0.029154759474226494,
    "mean_balanced_accuracy": 0.97,
    "std_balanced_accuracy": 0.029154759474226494
  },
  "53": {
    "accuracies": [
      1.0,
      1.0,
      1.0,
      1.0,
      0.975
    ],
    "balanced_accuracies": [
      1.0,
      1.0,
      1.0,
      1.0,
      0.975
    ],
    "mean_accuracy": 0.9949999999999999,
    "std_accuracy": 0.010000000000000009,
    "mean_balanced_accuracy": 0.9949999999999999,
    "std_balanced_accuracy": 0.010000000000000009
  },
  "54": {
    "accuracies": [
      0.65,
      0.75,
      0.85,
      0.775,
      0.875
    ],
    "balanced_accuracies": [
      0.65,
      0.75,
      0.8500000000000001,
      0.775,
      0.875
    ],
    "mean_accuracy": 0.78,
    "std_accuracy": 0.07968688725254613,
    "mean_balanced_accuracy": 0.78,
    "std_balanced_accuracy": 0.07968688725254615
  }
}