{
  "mean_accuracy": 0.6500000000000001,
  "std_accuracy": 0.10000000000000002,
  "mean_balanced_accuracy": 0.6500000000000001,
  "std_balanced_accuracy": 0.10000000000000002,
  "n_subjects": 1,
  "n_folds_total": 5
}