{
  "54": {
    "accuracies": [
      0.65,
      0.7,
      0.5,
      0.8,
      0.6
    ],
    "balanced_accuracies": [
      0.65,
      0.7000000000000001,
      0.5,
      0.8,
      0.6000000000000001
    ],
    "mean_accuracy": 0.6500000000000001,
    "std_accuracy": 0.10000000000000002,
    "mean_balanced_accuracy": 0.6500000000000001,
    "std_balanced_accuracy": 0.10000000000000002
  }
}