{
  "48": {
    "accuracies": [
      0.95,
      1.0,
      1.0,
      1.0,
      1.0
    ],
    "balanced_accuracies": [
      0.95,
      1.0,
      1.0,
      1.0,
      1.0
    ],
    "mean_accuracy": 0.99,
    "std_accuracy": 0.020000000000000018,
    "mean_balanced_accuracy": 0.99,
    "std_balanced_accuracy": 0.020000000000000018
  },
  "49": {
    "accuracies": [
      0.975,
      0.975,
      0.925,
      0.95,
      0.975
    ],
    "balanced_accuracies": [
      0.975,
      0.975,
      0.925,
      0.95,
      0.975
    ],
    "mean_accuracy": 0.96,
    "std_accuracy": 0.01999999999999998,
    "mean_balanced_accuracy": 0.96,
    "std_balanced_accuracy": 0.01999999999999998
  },
  "50": {
    "accuracies": [
      1.0,
      1.0,
      1.0,
      0.975,
      0.975
    ],
    "balanced_accuracies": [
      1.0,
      1.0,
      1.0,
      0.975,
      0.975
    ],
    "mean_accuracy": 0.99,
    "std_accuracy": 0.012247448713915901,
    "mean_balanced_accuracy": 0.99,
    "std_balanced_accuracy": 0.012247448713915901
  },
  "51": {
    "accuracies": [
      0.6,
      0.5,
      0.575,
      0.5,
      0.35
    ],
    "balanced_accuracies": [
      0.6000000000000001,
      0.5,
      0.575,
      0.5,
      0.35
    ],
    "mean_accuracy": 0.505,
    "std_accuracy": 0.08717797887081347,
    "mean_balanced_accuracy": 0.505,
    "std_balanced_accuracy": 0.0871779788708135
  },
  "52": {
    "accuracies": [
      0.95,
      0.95,
      0.975,
      0.975,
      0.975
    ],
    "balanced_accuracies": [
      0.95,
      0.95,
      0.975,
      0.975,
      0.975
    ],
    "mean_accuracy": 0.9650000000000001,
    "std_accuracy": 0.012247448713915901,
    "mean_balanced_accuracy": 0.9650000000000001,
    "std_balanced_accuracy": 0.012247448713915901
  },
  "53": {
    "accuracies": [
      1.0,
      0.975,
      1.0,
      1.0,
      1.0
    ],
    "balanced_accuracies": [
      1.0,
      0.975,
      1.0,
      1.0,
      1.0
    ],
    "mean_accuracy": 0.9949999999999999,
    "std_accuracy": 0.010000000000000009,
    "mean_balanced_accuracy": 0.9949999999999999,
    "std_balanced_accuracy": 0.010000000000000009
  },
  "54": {
    "accuracies": [
      0.7,
      0.8,
      0.825,
      0.675,
      0.625
    ],
    "balanced_accuracies": [
      0.7,
      0.8,
      0.825,
      0.675,
      0.625
    ],
    "mean_accuracy": 0.725,
    "std_accuracy": 0.07582875444051551,
    "mean_balanced_accuracy": 0.725,
    "std_balanced_accuracy": 0.07582875444051551
  }
}