{
  "48": {
    "accuracies": [
      0.8333333333333334,
      0.8333333333333334,
      0.8333333333333334,
      0.8333333333333334,
      0.8333333333333334
    ],
    "balanced_accuracies": [
      0.5,
      0.5,
      0.5,
      0.5,
      0.5
    ],
    "roc_aucs": [
      0.5459304767905903,
      0.5197844465448436,
      0.479534236504936,
      0.48992989918084434,
      0.46379437093047676
    ],
    "mean_accuracy": 0.8333333333333334,
    "std_accuracy": 0.0,
    "mean_balanced_accuracy": 0.5,
    "std_balanced_accuracy": 0.0,
    "mean_roc_auc": 0.4997946859903381,
    "std_roc_auc": 0.02943441603411784
  },
  "49": {
    "accuracies": [
      0.8333333333333334,
      0.8333333333333334,
      0.8333333333333334,
      0.8333333333333334,
      0.8333333333333334
    ],
    "balanced_accuracies": [
      0.5,
      0.5,
      0.5,
      0.5,
      0.5
    ],
    "roc_aucs": [
      0.4611491808443604,
      0.49290852762024784,
      0.4784932262129804,
      0.4856595253098088,
      0.54509556815795
    ],
    "mean_accuracy": 0.8333333333333334,
    "std_accuracy": 0.0,
    "mean_balanced_accuracy": 0.5,
    "std_balanced_accuracy": 0.0,
    "mean_roc_auc": 0.4926612056290695,
    "std_roc_auc": 0.028256632552508293
  },
  "50": {
    "accuracies": [
      0.8333333333333334,
      0.8333333333333334,
      0.8333333333333334,
      0.8333333333333334,
      0.8333333333333334
    ],
    "balanced_accuracies": [
      0.5,
      0.5,
      0.5,
      0.5,
      0.5
    ],
    "roc_aucs": [
      0.5142630224742701,
      0.5349860848561226,
      0.5181421970174334,
      0.5419554715395926,
      0.5342548834278513
    ],
    "mean_accuracy": 0.8333333333333334,
    "std_accuracy": 0.0,
    "mean_balanced_accuracy": 0.5,
    "std_balanced_accuracy": 0.0,
    "mean_roc_auc": 0.528720331863054,
    "std_roc_auc": 0.010639272300549375
  },
  "51": {
    "accuracies": [
      0.8333333333333334,
      0.8333333333333334,
      0.8333333333333334,
      0.8333333333333334,
      0.8333333333333334
    ],
    "balanced_accuracies": [
      0.5,
      0.5,
      0.5,
      0.5,
      0.5
    ],
    "roc_aucs": [
      0.5662045788699853,
      0.5051761709724848,
      0.48713111741230836,
      0.539814377231674,
      0.4353300252047889
    ],
    "mean_accuracy": 0.8333333333333334,
    "std_accuracy": 0.0,
    "mean_balanced_accuracy": 0.5,
    "std_balanced_accuracy": 0.0,
    "mean_roc_auc": 0.5067312539382482,
    "std_roc_auc": 0.0449806370003753
  },
  "52": {
    "accuracies": [
      0.8333333333333334,
      0.8333333333333334,
      0.8333333333333334,
      0.8333333333333334,
      0.8333333333333334
    ],
    "balanced_accuracies": [
      0.5,
      0.5,
      0.5,
      0.5,
      0.5
    ],
    "roc_aucs": [
      0.5325154904431841,
      0.4646712875446335,
      0.4563116992228523,
      0.503397395505146,
      0.42401543793320734
    ],
    "mean_accuracy": 0.8333333333333334,
    "std_accuracy": 0.0,
    "mean_balanced_accuracy": 0.5,
    "std_balanced_accuracy": 0.0,
    "mean_roc_auc": 0.47618226212980463,
    "std_roc_auc": 0.03784921518273068
  },
  "53": {
    "accuracies": [
      0.8333333333333334,
      0.8333333333333334,
      0.8333333333333334,
      0.8333333333333334,
      0.8333333333333334
    ],
    "balanced_accuracies": [
      0.5,
      0.5,
      0.5,
      0.5,
      0.5
    ],
    "roc_aucs": [
      0.5263652593992859,
      0.49486452425960936,
      0.45150441083805926,
      0.5275939928586432,
      0.46202084646082753
    ],
    "mean_accuracy": 0.8333333333333334,
    "std_accuracy": 0.0,
    "mean_balanced_accuracy": 0.5,
    "std_balanced_accuracy": 0.0,
    "mean_roc_auc": 0.49246980676328506,
    "std_roc_auc": 0.03160268240817247
  },
  "54": {
    "accuracies": [
      0.8333333333333334,
      0.8333333333333334,
      0.8333333333333334,
      0.8333333333333334,
      0.8333333333333334
    ],
    "balanced_accuracies": [
      0.5,
      0.5,
      0.5,
      0.5,
      0.5
    ],
    "roc_aucs": [
      0.47788279773156905,
      0.48733590632220125,
      0.5149075824406637,
      0.5359942764125184,
      0.5251089582020585
    ],
    "mean_accuracy": 0.8333333333333334,
    "std_accuracy": 0.0,
    "mean_balanced_accuracy": 0.5,
    "std_balanced_accuracy": 0.0,
    "mean_roc_auc": 0.5082459042218022,
    "std_roc_auc": 0.022171418327954384
  }
}