{
  "mean_accuracy": 0.5149999999999999,
  "std_accuracy": 0.18648056198971516,
  "mean_balanced_accuracy": 0.5149999999999999,
  "std_balanced_accuracy": 0.18648056198971516,
  "n_subjects": 2,
  "n_folds_total": 10
}