{
  "mean_accuracy": 0.26999999999999996,
  "std_accuracy": 0.09273618495495703,
  "mean_balanced_accuracy": 0.26999999999999996,
  "std_balanced_accuracy": 0.09273618495495703,
  "n_subjects": 1,
  "n_folds_total": 5
}