{
  "51": {
    "accuracies": [
      0.4,
      0.25,
      0.35,
      0.3,
      0.3
    ],
    "balanced_accuracies": [
      0.4,
      0.25,
      0.35,
      0.3,
      0.3
    ],
    "mean_accuracy": 0.32,
    "std_accuracy": 0.050990195135927854,
    "mean_balanced_accuracy": 0.32,
    "std_balanced_accuracy": 0.050990195135927854
  }
}