{
  "48": {
    "accuracies": [
      0.95,
      1.0,
      1.0,
      1.0,
      1.0
    ],
    "balanced_accuracies": [
      0.95,
      1.0,
      1.0,
      1.0,
      1.0
    ],
    "mean_accuracy": 0.99,
    "std_accuracy": 0.020000000000000018,
    "mean_balanced_accuracy": 0.99,
    "std_balanced_accuracy": 0.020000000000000018
  },
  "49": {
    "accuracies": [
      1.0,
      0.925,
      0.975,
      0.975,
      0.975
    ],
    "balanced_accuracies": [
      1.0,
      0.9249999999999999,
      0.975,
      0.975,
      0.975
    ],
    "mean_accuracy": 0.97,
    "std_accuracy": 0.02449489742783176,
    "mean_balanced_accuracy": 0.97,
    "std_balanced_accuracy": 0.0244948974278318
  },
  "50": {
    "accuracies": [
      1.0,
      1.0,
      0.975,
      0.975,
      1.0
    ],
    "balanced_accuracies": [
      1.0,
      1.0,
      0.975,
      0.975,
      1.0
    ],
    "mean_accuracy": 0.99,
    "std_accuracy": 0.012247448713915901,
    "mean_balanced_accuracy": 0.99,
    "std_balanced_accuracy": 0.012247448713915901
  },
  "51": {
    "accuracies": [
      0.625,
      0.65,
      0.675,
      0.525,
      0.6
    ],
    "balanced_accuracies": [
      0.625,
      0.6499999999999999,
      0.675,
      0.525,
      0.6
    ],
    "mean_accuracy": 0.615,
    "std_accuracy": 0.05147815070493501,
    "mean_balanced_accuracy": 0.615,
    "std_balanced_accuracy": 0.05147815070493499
  },
  "52": {
    "accuracies": [
      1.0,
      0.95,
      0.975,
      1.0,
      0.95
    ],
    "balanced_accuracies": [
      1.0,
      0.95,
      0.975,
      1.0,
      0.95
    ],
    "mean_accuracy": 0.975,
    "std_accuracy": 0.022360679774997918,
    "mean_balanced_accuracy": 0.975,
    "std_balanced_accuracy": 0.022360679774997918
  },
  "53": {
    "accuracies": [
      1.0,
      1.0,
      1.0,
      1.0,
      1.0
    ],
    "balanced_accuracies": [
      1.0,
      1.0,
      1.0,
      1.0,
      1.0
    ],
    "mean_accuracy": 1.0,
    "std_accuracy": 0.0,
    "mean_balanced_accuracy": 1.0,
    "std_balanced_accuracy": 0.0
  },
  "54": {
    "accuracies": [
      0.775,
      0.85,
      0.85,
      0.8,
      0.825
    ],
    "balanced_accuracies": [
      0.775,
      0.8500000000000001,
      0.8500000000000001,
      0.8,
      0.8250000000000001
    ],
    "mean_accuracy": 0.8200000000000001,
    "std_accuracy": 0.02915475947422648,
    "mean_balanced_accuracy": 0.8200000000000001,
    "std_balanced_accuracy": 0.02915475947422653
  }
}