{
  "48": {
    "accuracies": [
      0.95,
      1.0,
      1.0,
      1.0,
      1.0
    ],
    "balanced_accuracies": [
      0.95,
      1.0,
      1.0,
      1.0,
      1.0
    ],
    "mean_accuracy": 0.99,
    "std_accuracy": 0.020000000000000018,
    "mean_balanced_accuracy": 0.99,
    "std_balanced_accuracy": 0.020000000000000018
  },
  "49": {
    "accuracies": [
      1.0,
      0.95,
      0.975,
      0.95,
      0.975
    ],
    "balanced_accuracies": [
      1.0,
      0.95,
      0.975,
      0.95,
      0.975
    ],
    "mean_accuracy": 0.97,
    "std_accuracy": 0.018708286933869722,
    "mean_balanced_accuracy": 0.97,
    "std_balanced_accuracy": 0.018708286933869722
  },
  "50": {
    "accuracies": [
      1.0,
      1.0,
      0.975,
      0.975,
      1.0
    ],
    "balanced_accuracies": [
      1.0,
      1.0,
      0.975,
      0.975,
      1.0
    ],
    "mean_accuracy": 0.99,
    "std_accuracy": 0.012247448713915901,
    "mean_balanced_accuracy": 0.99,
    "std_balanced_accuracy": 0.012247448713915901
  },
  "51": {
    "accuracies": [
      0.725,
      0.65,
      0.675,
      0.7,
      0.275
    ],
    "balanced_accuracies": [
      0.725,
      0.65,
      0.675,
      0.7,
      0.275
    ],
    "mean_accuracy": 0.605,
    "std_accuracy": 0.16688319268278634,
    "mean_balanced_accuracy": 0.605,
    "std_balanced_accuracy": 0.16688319268278634
  },
  "52": {
    "accuracies": [
      1.0,
      0.95,
      1.0,
      0.975,
      0.975
    ],
    "balanced_accuracies": [
      1.0,
      0.95,
      1.0,
      0.975,
      0.975
    ],
    "mean_accuracy": 0.9800000000000001,
    "std_accuracy": 0.018708286933869722,
    "mean_balanced_accuracy": 0.9800000000000001,
    "std_balanced_accuracy": 0.018708286933869722
  },
  "53": {
    "accuracies": [
      1.0,
      1.0,
      1.0,
      1.0,
      1.0
    ],
    "balanced_accuracies": [
      1.0,
      1.0,
      1.0,
      1.0,
      1.0
    ],
    "mean_accuracy": 1.0,
    "std_accuracy": 0.0,
    "mean_balanced_accuracy": 1.0,
    "std_balanced_accuracy": 0.0
  },
  "54": {
    "accuracies": [
      0.85,
      0.9,
      0.925,
      0.825,
      0.75
    ],
    "balanced_accuracies": [
      0.85,
      0.9,
      0.925,
      0.825,
      0.75
    ],
    "mean_accuracy": 0.85,
    "std_accuracy": 0.06123724356957947,
    "mean_balanced_accuracy": 0.85,
    "std_balanced_accuracy": 0.06123724356957947
  }
}