{
  "mean_accuracy": 0.6238425925925926,
  "std_accuracy": 0.05408945113679593,
  "mean_balanced_accuracy": 0.6238425925925926,
  "std_balanced_accuracy": 0.05408945113679593,
  "n_groups": 9,
  "n_folds_total": 9
}