{
  "1": {
    "accuracies": [
      0.5625
    ],
    "balanced_accuracies": [
      0.5625
    ],
    "mean_accuracy": 0.5625,
    "std_accuracy": 0.0,
    "mean_balanced_accuracy": 0.5625,
    "std_balanced_accuracy": 0.0
  },
  "2": {
    "accuracies": [
      0.6111111111111112
    ],
    "balanced_accuracies": [
      0.6111111111111112
    ],
    "mean_accuracy": 0.6111111111111112,
    "std_accuracy": 0.0,
    "mean_balanced_accuracy": 0.6111111111111112,
    "std_balanced_accuracy": 0.0
  },
  "3": {
    "accuracies": [
      0.71875
    ],
    "balanced_accuracies": [
      0.71875
    ],
    "mean_accuracy": 0.71875,
    "std_accuracy": 0.0,
    "mean_balanced_accuracy": 0.71875,
    "std_balanced_accuracy": 0.0
  },
  "4": {
    "accuracies": [
      0.6111111111111112
    ],
    "balanced_accuracies": [
      0.6111111111111112
    ],
    "mean_accuracy": 0.6111111111111112,
    "std_accuracy": 0.0,
    "mean_balanced_accuracy": 0.6111111111111112,
    "std_balanced_accuracy": 0.0
  },
  "5": {
    "accuracies": [
      0.6909722222222222
    ],
    "balanced_accuracies": [
      0.6909722222222222
    ],
    "mean_accuracy": 0.6909722222222222,
    "std_accuracy": 0.0,
    "mean_balanced_accuracy": 0.6909722222222222,
    "std_balanced_accuracy": 0.0
  },
  "6": {
    "accuracies": [
      0.5590277777777778
    ],
    "balanced_accuracies": [
      0.5590277777777778
    ],
    "mean_accuracy": 0.5590277777777778,
    "std_accuracy": 0.0,
    "mean_balanced_accuracy": 0.5590277777777778,
    "std_balanced_accuracy": 0.0
  },
  "7": {
    "accuracies": [
      0.6631944444444444
    ],
    "balanced_accuracies": [
      0.6631944444444444
    ],
    "mean_accuracy": 0.6631944444444444,
    "std_accuracy": 0.0,
    "mean_balanced_accuracy": 0.6631944444444444,
    "std_balanced_accuracy": 0.0
  },
  "8": {
    "accuracies": [
      0.5694444444444444
    ],
    "balanced_accuracies": [
      0.5694444444444444
    ],
    "mean_accuracy": 0.5694444444444444,
    "std_accuracy": 0.0,
    "mean_balanced_accuracy": 0.5694444444444444,
    "std_balanced_accuracy": 0.0
  },
  "9": {
    "accuracies": [
      0.6284722222222222
    ],
    "balanced_accuracies": [
      0.6284722222222222
    ],
    "mean_accuracy": 0.6284722222222222,
    "std_accuracy": 0.0,
    "mean_balanced_accuracy": 0.6284722222222222,
    "std_balanced_accuracy": 0.0
  }
}