{
  "51": {
    "accuracies": [
      0.35,
      0.5,
      0.35,
      0.35,
      0.25
    ],
    "balanced_accuracies": [
      0.35,
      0.5,
      0.35000000000000003,
      0.35,
      0.25
    ],
    "mean_accuracy": 0.36,
    "std_accuracy": 0.08,
    "mean_balanced_accuracy": 0.36,
    "std_balanced_accuracy": 0.08
  },
  "54": {
    "accuracies": [
      0.85,
      0.75,
      0.55,
      0.65,
      0.55
    ],
    "balanced_accuracies": [
      0.8500000000000001,
      0.7500000000000001,
      0.5499999999999999,
      0.65,
      0.55
    ],
    "mean_accuracy": 0.6700000000000002,
    "std_accuracy": 0.11661903789690597,
    "mean_balanced_accuracy": 0.6699999999999999,
    "std_balanced_accuracy": 0.11661903789690606
  }
}