{
  "51": {
    "accuracies": [
      0.3,
      0.35,
      0.25,
      0.5,
      0.45
    ],
    "balanced_accuracies": [
      0.30000000000000004,
      0.35,
      0.25,
      0.5,
      0.45
    ],
    "mean_accuracy": 0.37,
    "std_accuracy": 0.09273618495495704,
    "mean_balanced_accuracy": 0.37,
    "std_balanced_accuracy": 0.09273618495495704
  }
}