{
  "51": {
    "accuracies": [
      0.35,
      0.25,
      0.2,
      0.5,
      0.15
    ],
    "balanced_accuracies": [
      0.35000000000000003,
      0.25,
      0.2,
      0.5,
      0.15000000000000002
    ],
    "mean_accuracy": 0.29,
    "std_accuracy": 0.12409673645990857,
    "mean_balanced_accuracy": 0.29000000000000004,
    "std_balanced_accuracy": 0.12409673645990857
  }
}