{
  "mean_accuracy": 0.3,
  "std_accuracy": 0.0894427190999916,
  "mean_balanced_accuracy": 0.3,
  "std_balanced_accuracy": 0.0894427190999916,
  "n_subjects": 1,
  "n_folds_total": 5
}