{
  "51": {
    "accuracies": [
      0.3,
      0.2,
      0.4,
      0.2,
      0.4
    ],
    "balanced_accuracies": [
      0.3,
      0.2,
      0.4,
      0.2,
      0.4
    ],
    "mean_accuracy": 0.3,
    "std_accuracy": 0.0894427190999916,
    "mean_balanced_accuracy": 0.3,
    "std_balanced_accuracy": 0.0894427190999916
  }
}