{
  "mean_accuracy": 0.9178571428571428,
  "std_accuracy": 0.12050065627732201,
  "mean_balanced_accuracy": 0.9178571428571428,
  "std_balanced_accuracy": 0.12050065627732204,
  "n_subjects": 7,
  "n_folds_total": 35
}