{
  "48": {
    "accuracies": [
      0.975,
      1.0,
      0.975,
      1.0,
      1.0
    ],
    "balanced_accuracies": [
      0.975,
      1.0,
      0.975,
      1.0,
      1.0
    ],
    "mean_accuracy": 0.99,
    "std_accuracy": 0.012247448713915901,
    "mean_balanced_accuracy": 0.99,
    "std_balanced_accuracy": 0.012247448713915901
  },
  "49": {
    "accuracies": [
      0.975,
      0.975,
      1.0,
      0.975,
      0.975
    ],
    "balanced_accuracies": [
      0.975,
      0.975,
      1.0,
      0.975,
      0.975
    ],
    "mean_accuracy": 0.9800000000000001,
    "std_accuracy": 0.010000000000000009,
    "mean_balanced_accuracy": 0.9800000000000001,
    "std_balanced_accuracy": 0.010000000000000009
  },
  "50": {
    "accuracies": [
      1.0,
      1.0,
      1.0,
      1.0,
      0.975
    ],
    "balanced_accuracies": [
      1.0,
      1.0,
      1.0,
      1.0,
      0.975
    ],
    "mean_accuracy": 0.9949999999999999,
    "std_accuracy": 0.010000000000000009,
    "mean_balanced_accuracy": 0.9949999999999999,
    "std_balanced_accuracy": 0.010000000000000009
  },
  "51": {
    "accuracies": [
      0.675,
      0.65,
      0.7,
      0.65,
      0.75
    ],
    "balanced_accuracies": [
      0.6749999999999999,
      0.65,
      0.7,
      0.6499999999999999,
      0.75
    ],
    "mean_accuracy": 0.685,
    "std_accuracy": 0.037416573867739396,
    "mean_balanced_accuracy": 0.6849999999999999,
    "std_balanced_accuracy": 0.037416573867739424
  },
  "52": {
    "accuracies": [
      0.975,
      0.975,
      1.0,
      0.975,
      0.975
    ],
    "balanced_accuracies": [
      0.975,
      0.975,
      1.0,
      0.975,
      0.975
    ],
    "mean_accuracy": 0.9800000000000001,
    "std_accuracy": 0.010000000000000009,
    "mean_balanced_accuracy": 0.9800000000000001,
    "std_balanced_accuracy": 0.010000000000000009
  },
  "53": {
    "accuracies": [
      1.0,
      1.0,
      1.0,
      1.0,
      1.0
    ],
    "balanced_accuracies": [
      1.0,
      1.0,
      1.0,
      1.0,
      1.0
    ],
    "mean_accuracy": 1.0,
    "std_accuracy": 0.0,
    "mean_balanced_accuracy": 1.0,
    "std_balanced_accuracy": 0.0
  },
  "54": {
    "accuracies": [
      0.7,
      0.75,
      0.875,
      0.775,
      0.875
    ],
    "balanced_accuracies": [
      0.7,
      0.75,
      0.8749999999999999,
      0.7749999999999999,
      0.875
    ],
    "mean_accuracy": 0.795,
    "std_accuracy": 0.06964194138592061,
    "mean_balanced_accuracy": 0.7949999999999999,
    "std_balanced_accuracy": 0.06964194138592059
  }
}