{
  "mean_accuracy": 0.30999999999999994,
  "std_accuracy": 0.08,
  "mean_balanced_accuracy": 0.31,
  "std_balanced_accuracy": 0.08000000000000002,
  "n_subjects": 1,
  "n_folds_total": 5
}