{
  "mean_accuracy": 0.30000000000000004,
  "std_accuracy": 0.17029386365926402,
  "mean_balanced_accuracy": 0.30000000000000004,
  "std_balanced_accuracy": 0.17029386365926405,
  "n_subjects": 1,
  "n_folds_total": 5
}