{
  "51": {
    "accuracies": [
      0.2,
      0.2,
      0.45,
      0.55,
      0.1
    ],
    "balanced_accuracies": [
      0.2,
      0.2,
      0.45000000000000007,
      0.55,
      0.1
    ],
    "mean_accuracy": 0.30000000000000004,
    "std_accuracy": 0.17029386365926402,
    "mean_balanced_accuracy": 0.30000000000000004,
    "std_balanced_accuracy": 0.17029386365926405
  }
}