{
  "51": {
    "accuracies": [
      0.4,
      0.15,
      0.35,
      0.15,
      0.25
    ],
    "balanced_accuracies": [
      0.4,
      0.15000000000000002,
      0.35,
      0.15000000000000002,
      0.25
    ],
    "mean_accuracy": 0.26,
    "std_accuracy": 0.10198039027185571,
    "mean_balanced_accuracy": 0.26,
    "std_balanced_accuracy": 0.1019803902718557
  }
}