{
  "mean_accuracy": 0.9107142857142856,
  "std_accuracy": 0.1503906477769662,
  "mean_balanced_accuracy": 0.9107142857142856,
  "std_balanced_accuracy": 0.1503906477769662,
  "n_subjects": 7,
  "n_folds_total": 35
}