{
  "mean_accuracy": 0.5492857142857144,
  "std_accuracy": 0.08670263513167006,
  "mean_balanced_accuracy": 0.5492857142857144,
  "std_balanced_accuracy": 0.08670263513167006,
  "n_subjects": 7,
  "n_folds_total": 35
}