{
  "51": {
    "accuracies": [
      0.5,
      0.2,
      0.3,
      0.15,
      0.25
    ],
    "balanced_accuracies": [
      0.5,
      0.2,
      0.30000000000000004,
      0.15000000000000002,
      0.25
    ],
    "mean_accuracy": 0.27999999999999997,
    "std_accuracy": 0.12083045973594571,
    "mean_balanced_accuracy": 0.27999999999999997,
    "std_balanced_accuracy": 0.12083045973594571
  }
}