{
  "mean_accuracy": 0.33,
  "std_accuracy": 0.06782329983125268,
  "mean_balanced_accuracy": 0.33,
  "std_balanced_accuracy": 0.06782329983125268,
  "n_subjects": 1,
  "n_folds_total": 5
}