{
  "51": {
    "accuracies": [
      0.35,
      0.4,
      0.35,
      0.35,
      0.2
    ],
    "balanced_accuracies": [
      0.35,
      0.4,
      0.35,
      0.35,
      0.2
    ],
    "mean_accuracy": 0.33,
    "std_accuracy": 0.06782329983125268,
    "mean_balanced_accuracy": 0.33,
    "std_balanced_accuracy": 0.06782329983125268
  }
}