{
  "mean_accuracy": 0.31,
  "std_accuracy": 0.12409673645990857,
  "mean_balanced_accuracy": 0.31,
  "std_balanced_accuracy": 0.12409673645990857,
  "n_subjects": 1,
  "n_folds_total": 5
}