{
  "51": {
    "accuracies": [
      0.25,
      0.25,
      0.3,
      0.2,
      0.55
    ],
    "balanced_accuracies": [
      0.25,
      0.25,
      0.3,
      0.2,
      0.55
    ],
    "mean_accuracy": 0.31,
    "std_accuracy": 0.12409673645990857,
    "mean_balanced_accuracy": 0.31,
    "std_balanced_accuracy": 0.12409673645990857
  }
}