{
  "mean_accuracy": 0.29,
  "std_accuracy": 0.1067707825203131,
  "mean_balanced_accuracy": 0.29,
  "std_balanced_accuracy": 0.10677078252031309,
  "n_subjects": 1,
  "n_folds_total": 5
}