{
  "51": {
    "accuracies": [
      0.25,
      0.5,
      0.25,
      0.25,
      0.2
    ],
    "balanced_accuracies": [
      0.25,
      0.49999999999999994,
      0.25,
      0.25,
      0.2
    ],
    "mean_accuracy": 0.29,
    "std_accuracy": 0.1067707825203131,
    "mean_balanced_accuracy": 0.29,
    "std_balanced_accuracy": 0.10677078252031309
  }
}