{
  "mean_accuracy": 0.27,
  "std_accuracy": 0.0678232998312527,
  "mean_balanced_accuracy": 0.27,
  "std_balanced_accuracy": 0.0678232998312527,
  "n_subjects": 1,
  "n_folds_total": 5
}