{
  "51": {
    "accuracies": [
      0.2,
      0.4,
      0.25,
      0.25,
      0.25
    ],
    "balanced_accuracies": [
      0.2,
      0.4,
      0.25,
      0.25,
      0.25
    ],
    "mean_accuracy": 0.27,
    "std_accuracy": 0.0678232998312527,
    "mean_balanced_accuracy": 0.27,
    "std_balanced_accuracy": 0.0678232998312527
  }
}