{
  "51": {
    "accuracies": [
      0.2,
      0.35,
      0.5,
      0.15,
      0.35
    ],
    "balanced_accuracies": [
      0.2,
      0.35,
      0.5,
      0.15000000000000002,
      0.35
    ],
    "mean_accuracy": 0.30999999999999994,
    "std_accuracy": 0.12409673645990857,
    "mean_balanced_accuracy": 0.31000000000000005,
    "std_balanced_accuracy": 0.12409673645990855
  }
}