{
  "mean_accuracy": 0.53,
  "std_accuracy": 0.21118712081942875,
  "mean_balanced_accuracy": 0.53,
  "std_balanced_accuracy": 0.21118712081942875,
  "n_subjects": 1,
  "n_folds_total": 5
}