{
  "54": {
    "accuracies": [
      0.65,
      0.25,
      0.7,
      0.3,
      0.75
    ],
    "balanced_accuracies": [
      0.65,
      0.25,
      0.7,
      0.30000000000000004,
      0.75
    ],
    "mean_accuracy": 0.53,
    "std_accuracy": 0.21118712081942875,
    "mean_balanced_accuracy": 0.53,
    "std_balanced_accuracy": 0.21118712081942875
  }
}