{
  "48": {
    "accuracies": [
      0.95,
      1.0,
      1.0,
      1.0,
      1.0
    ],
    "balanced_accuracies": [
      0.95,
      1.0,
      1.0,
      1.0,
      1.0
    ],
    "mean_accuracy": 0.99,
    "std_accuracy": 0.020000000000000018,
    "mean_balanced_accuracy": 0.99,
    "std_balanced_accuracy": 0.020000000000000018
  },
  "49": {
    "accuracies": [
      1.0,
      0.975,
      0.975,
      0.95,
      0.975
    ],
    "balanced_accuracies": [
      1.0,
      0.975,
      0.975,
      0.95,
      0.975
    ],
    "mean_accuracy": 0.975,
    "std_accuracy": 0.01581138830084191,
    "mean_balanced_accuracy": 0.975,
    "std_balanced_accuracy": 0.01581138830084191
  },
  "50": {
    "accuracies": [
      1.0,
      1.0,
      0.975,
      0.975,
      1.0
    ],
    "balanced_accuracies": [
      1.0,
      1.0,
      0.975,
      0.975,
      1.0
    ],
    "mean_accuracy": 0.99,
    "std_accuracy": 0.012247448713915901,
    "mean_balanced_accuracy": 0.99,
    "std_balanced_accuracy": 0.012247448713915901
  },
  "51": {
    "accuracies": [
      0.675,
      0.65,
      0.7,
      0.675,
      0.525
    ],
    "balanced_accuracies": [
      0.675,
      0.65,
      0.7000000000000001,
      0.675,
      0.525
    ],
    "mean_accuracy": 0.645,
    "std_accuracy": 0.06204836822995428,
    "mean_balanced_accuracy": 0.645,
    "std_balanced_accuracy": 0.0620483682299543
  },
  "52": {
    "accuracies": [
      1.0,
      0.95,
      1.0,
      0.975,
      0.975
    ],
    "balanced_accuracies": [
      1.0,
      0.95,
      1.0,
      0.975,
      0.975
    ],
    "mean_accuracy": 0.9800000000000001,
    "std_accuracy": 0.018708286933869722,
    "mean_balanced_accuracy": 0.9800000000000001,
    "std_balanced_accuracy": 0.018708286933869722
  },
  "53": {
    "accuracies": [
      1.0,
      1.0,
      1.0,
      1.0,
      1.0
    ],
    "balanced_accuracies": [
      1.0,
      1.0,
      1.0,
      1.0,
      1.0
    ],
    "mean_accuracy": 1.0,
    "std_accuracy": 0.0,
    "mean_balanced_accuracy": 1.0,
    "std_balanced_accuracy": 0.0
  },
  "54": {
    "accuracies": [
      0.875,
      0.875,
      0.9,
      0.775,
      0.825
    ],
    "balanced_accuracies": [
      0.875,
      0.875,
      0.9,
      0.7749999999999999,
      0.825
    ],
    "mean_accuracy": 0.85,
    "std_accuracy": 0.0447213595499958,
    "mean_balanced_accuracy": 0.85,
    "std_balanced_accuracy": 0.044721359549995836
  }
}