{
  "51": {
    "accuracies": [
      0.3,
      0.5,
      0.4,
      0.3,
      0.25
    ],
    "balanced_accuracies": [
      0.3,
      0.5,
      0.4,
      0.30000000000000004,
      0.25
    ],
    "mean_accuracy": 0.35000000000000003,
    "std_accuracy": 0.0894427190999916,
    "mean_balanced_accuracy": 0.35000000000000003,
    "std_balanced_accuracy": 0.08944271909999159
  }
}