{
  "mean_accuracy": 0.69,
  "std_accuracy": 0.09695359714832659,
  "mean_balanced_accuracy": 0.6900000000000001,
  "std_balanced_accuracy": 0.09695359714832658,
  "n_subjects": 1,
  "n_folds_total": 5
}