{
  "54": {
    "accuracies": [
      0.6,
      0.85,
      0.6,
      0.75,
      0.65
    ],
    "balanced_accuracies": [
      0.6000000000000001,
      0.85,
      0.6,
      0.7500000000000001,
      0.65
    ],
    "mean_accuracy": 0.69,
    "std_accuracy": 0.09695359714832659,
    "mean_balanced_accuracy": 0.6900000000000001,
    "std_balanced_accuracy": 0.09695359714832658
  }
}