{
  "51": {
    "accuracies": [
      0.45,
      0.35,
      0.45,
      0.3,
      0.3
    ],
    "balanced_accuracies": [
      0.44999999999999996,
      0.35,
      0.45000000000000007,
      0.30000000000000004,
      0.30000000000000004
    ],
    "mean_accuracy": 0.37,
    "std_accuracy": 0.0678232998312527,
    "mean_balanced_accuracy": 0.37,
    "std_balanced_accuracy": 0.06782329983125267
  }
}