{
  "51": {
    "accuracies": [
      0.35,
      0.55,
      0.325,
      0.5,
      0.4
    ],
    "balanced_accuracies": [
      0.35000000000000003,
      0.55,
      0.32499999999999996,
      0.5,
      0.4
    ],
    "mean_accuracy": 0.425,
    "std_accuracy": 0.08660254037844389,
    "mean_balanced_accuracy": 0.425,
    "std_balanced_accuracy": 0.08660254037844389
  }
}