{
  "51": {
    "accuracies": [
      0.25,
      0.2,
      0.3,
      0.3,
      0.15
    ],
    "balanced_accuracies": [
      0.25,
      0.2,
      0.3,
      0.30000000000000004,
      0.15000000000000002
    ],
    "mean_accuracy": 0.24,
    "std_accuracy": 0.058309518948453,
    "mean_balanced_accuracy": 0.24000000000000005,
    "std_balanced_accuracy": 0.05830951894845301
  }
}