{
  "51": {
    "accuracies": [
      0.375,
      0.525,
      0.375,
      0.475,
      0.45
    ],
    "balanced_accuracies": [
      0.375,
      0.525,
      0.375,
      0.475,
      0.45000000000000007
    ],
    "mean_accuracy": 0.44000000000000006,
    "std_accuracy": 0.05830951894845301,
    "mean_balanced_accuracy": 0.44000000000000006,
    "std_balanced_accuracy": 0.05830951894845301
  }
}