{
  "mean_accuracy": 0.5399999999999999,
  "std_accuracy": 0.06923046397979103,
  "mean_balanced_accuracy": 0.5399999999999999,
  "std_balanced_accuracy": 0.06923046397979103,
  "n_subjects": 7,
  "n_folds_total": 35
}