{
  "51": {
    "accuracies": [
      0.05,
      0.3,
      0.3,
      0.3,
      0.45
    ],
    "balanced_accuracies": [
      0.05,
      0.30000000000000004,
      0.30000000000000004,
      0.3,
      0.44999999999999996
    ],
    "mean_accuracy": 0.27999999999999997,
    "std_accuracy": 0.12884098726725124,
    "mean_balanced_accuracy": 0.28,
    "std_balanced_accuracy": 0.12884098726725124
  }
}