{
  "51": {
    "accuracies": [
      0.3,
      0.3,
      0.2,
      0.45,
      0.3
    ],
    "balanced_accuracies": [
      0.30000000000000004,
      0.30000000000000004,
      0.2,
      0.45000000000000007,
      0.30000000000000004
    ],
    "mean_accuracy": 0.31,
    "std_accuracy": 0.08,
    "mean_balanced_accuracy": 0.31,
    "std_balanced_accuracy": 0.08000000000000002
  }
}