{
  "51": {
    "accuracies": [
      0.35,
      0.4,
      0.2,
      0.25,
      0.45
    ],
    "balanced_accuracies": [
      0.35,
      0.4,
      0.2,
      0.25,
      0.45
    ],
    "mean_accuracy": 0.32999999999999996,
    "std_accuracy": 0.09273618495495704,
    "mean_balanced_accuracy": 0.32999999999999996,
    "std_balanced_accuracy": 0.09273618495495704
  }
}