{
  "51": {
    "accuracies": [
      0.3,
      0.3,
      0.3,
      0.2,
      0.3
    ],
    "balanced_accuracies": [
      0.30000000000000004,
      0.30000000000000004,
      0.3,
      0.2,
      0.3
    ],
    "mean_accuracy": 0.27999999999999997,
    "std_accuracy": 0.039999999999999994,
    "mean_balanced_accuracy": 0.28,
    "std_balanced_accuracy": 0.04
  }
}