{
  "51": {
    "accuracies": [
      0.4,
      0.35,
      0.2,
      0.5,
      0.25
    ],
    "balanced_accuracies": [
      0.4,
      0.35,
      0.2,
      0.5,
      0.25
    ],
    "mean_accuracy": 0.33999999999999997,
    "std_accuracy": 0.10677078252031312,
    "mean_balanced_accuracy": 0.33999999999999997,
    "std_balanced_accuracy": 0.10677078252031312
  }
}