{
  "mean_accuracy": 0.28,
  "std_accuracy": 0.09797958971132713,
  "mean_balanced_accuracy": 0.28,
  "std_balanced_accuracy": 0.09797958971132709,
  "n_subjects": 1,
  "n_folds_total": 5
}