{
  "51": {
    "accuracies": [
      0.25,
      0.25,
      0.15,
      0.45,
      0.3
    ],
    "balanced_accuracies": [
      0.25,
      0.25,
      0.15000000000000002,
      0.44999999999999996,
      0.3
    ],
    "mean_accuracy": 0.28,
    "std_accuracy": 0.09797958971132713,
    "mean_balanced_accuracy": 0.28,
    "std_balanced_accuracy": 0.09797958971132709
  }
}