{
  "51": {
    "accuracies": [
      0.25,
      0.2,
      0.35,
      0.2,
      0.3
    ],
    "balanced_accuracies": [
      0.25,
      0.2,
      0.35,
      0.2,
      0.3
    ],
    "mean_accuracy": 0.26,
    "std_accuracy": 0.05830951894845299,
    "mean_balanced_accuracy": 0.26,
    "std_balanced_accuracy": 0.05830951894845299
  }
}