{
  "mean_accuracy": 0.9128571428571427,
  "std_accuracy": 0.14667401032944605,
  "mean_balanced_accuracy": 0.9128571428571428,
  "std_balanced_accuracy": 0.14667401032944608,
  "n_subjects": 7,
  "n_folds_total": 35
}