{
  "mean_accuracy": 0.24,
  "std_accuracy": 0.08602325267042626,
  "mean_balanced_accuracy": 0.24,
  "std_balanced_accuracy": 0.08602325267042626,
  "n_subjects": 1,
  "n_folds_total": 5
}