{
  "51": {
    "accuracies": [
      0.25,
      0.35,
      0.1,
      0.3,
      0.2
    ],
    "balanced_accuracies": [
      0.25,
      0.35,
      0.1,
      0.30000000000000004,
      0.2
    ],
    "mean_accuracy": 0.24,
    "std_accuracy": 0.08602325267042626,
    "mean_balanced_accuracy": 0.24,
    "std_balanced_accuracy": 0.08602325267042626
  }
}