{
  "mean_accuracy": 0.8735714285714286,
  "std_accuracy": 0.20787555146760087,
  "mean_balanced_accuracy": 0.8735714285714286,
  "std_balanced_accuracy": 0.2078755514676009,
  "n_subjects": 7,
  "n_folds_total": 35
}