{
  "48": {
    "accuracies": [
      0.95,
      1.0,
      1.0,
      1.0,
      1.0
    ],
    "balanced_accuracies": [
      0.95,
      1.0,
      1.0,
      1.0,
      1.0
    ],
    "mean_accuracy": 0.99,
    "std_accuracy": 0.020000000000000018,
    "mean_balanced_accuracy": 0.99,
    "std_balanced_accuracy": 0.020000000000000018
  },
  "49": {
    "accuracies": [
      1.0,
      0.95,
      0.925,
      0.975,
      0.975
    ],
    "balanced_accuracies": [
      1.0,
      0.95,
      0.925,
      0.975,
      0.975
    ],
    "mean_accuracy": 0.9650000000000001,
    "std_accuracy": 0.025495097567963913,
    "mean_balanced_accuracy": 0.9650000000000001,
    "std_balanced_accuracy": 0.025495097567963913
  },
  "50": {
    "accuracies": [
      1.0,
      1.0,
      1.0,
      0.975,
      1.0
    ],
    "balanced_accuracies": [
      1.0,
      1.0,
      1.0,
      0.975,
      1.0
    ],
    "mean_accuracy": 0.9949999999999999,
    "std_accuracy": 0.010000000000000009,
    "mean_balanced_accuracy": 0.9949999999999999,
    "std_balanced_accuracy": 0.010000000000000009
  },
  "51": {
    "accuracies": [
      0.4,
      0.625,
      0.45,
      0.15,
      0.475
    ],
    "balanced_accuracies": [
      0.4,
      0.625,
      0.44999999999999996,
      0.15000000000000002,
      0.475
    ],
    "mean_accuracy": 0.41999999999999993,
    "std_accuracy": 0.154434452114805,
    "mean_balanced_accuracy": 0.42000000000000004,
    "std_balanced_accuracy": 0.154434452114805
  },
  "52": {
    "accuracies": [
      0.975,
      0.925,
      0.95,
      1.0,
      0.95
    ],
    "balanced_accuracies": [
      0.975,
      0.925,
      0.95,
      1.0,
      0.95
    ],
    "mean_accuracy": 0.96,
    "std_accuracy": 0.025495097567963917,
    "mean_balanced_accuracy": 0.96,
    "std_balanced_accuracy": 0.025495097567963917
  },
  "53": {
    "accuracies": [
      1.0,
      1.0,
      1.0,
      1.0,
      1.0
    ],
    "balanced_accuracies": [
      1.0,
      1.0,
      1.0,
      1.0,
      1.0
    ],
    "mean_accuracy": 1.0,
    "std_accuracy": 0.0,
    "mean_balanced_accuracy": 1.0,
    "std_balanced_accuracy": 0.0
  },
  "54": {
    "accuracies": [
      0.75,
      0.875,
      0.825,
      0.725,
      0.75
    ],
    "balanced_accuracies": [
      0.7499999999999999,
      0.875,
      0.825,
      0.7250000000000001,
      0.75
    ],
    "mean_accuracy": 0.785,
    "std_accuracy": 0.05612486080160912,
    "mean_balanced_accuracy": 0.785,
    "std_balanced_accuracy": 0.05612486080160911
  }
}