{
  "mean_accuracy": 0.32,
  "std_accuracy": 0.11661903789690602,
  "mean_balanced_accuracy": 0.32,
  "std_balanced_accuracy": 0.11661903789690602,
  "n_subjects": 1,
  "n_folds_total": 5
}