{
  "51": {
    "accuracies": [
      0.4,
      0.4,
      0.1,
      0.3,
      0.4
    ],
    "balanced_accuracies": [
      0.4,
      0.4,
      0.1,
      0.30000000000000004,
      0.4
    ],
    "mean_accuracy": 0.32,
    "std_accuracy": 0.11661903789690602,
    "mean_balanced_accuracy": 0.32,
    "std_balanced_accuracy": 0.11661903789690602
  }
}