{
  "mean_accuracy": 0.26,
  "std_accuracy": 0.09165151389911678,
  "mean_balanced_accuracy": 0.26,
  "std_balanced_accuracy": 0.09165151389911681,
  "n_subjects": 1,
  "n_folds_total": 5
}