{
  "51": {
    "accuracies": [
      0.35,
      0.15,
      0.15,
      0.35,
      0.3
    ],
    "balanced_accuracies": [
      0.35000000000000003,
      0.15000000000000002,
      0.15000000000000002,
      0.35,
      0.30000000000000004
    ],
    "mean_accuracy": 0.26,
    "std_accuracy": 0.09165151389911678,
    "mean_balanced_accuracy": 0.26,
    "std_balanced_accuracy": 0.09165151389911681
  }
}