{
  "51": {
    "accuracies": [
      0.35,
      0.25,
      0.4,
      0.3,
      0.25
    ],
    "balanced_accuracies": [
      0.35,
      0.25,
      0.4,
      0.3,
      0.25
    ],
    "mean_accuracy": 0.31,
    "std_accuracy": 0.05830951894845301,
    "mean_balanced_accuracy": 0.31,
    "std_balanced_accuracy": 0.05830951894845301
  }
}