{
  "51": {
    "accuracies": [
      0.15,
      0.2,
      0.25,
      0.3,
      0.4
    ],
    "balanced_accuracies": [
      0.15000000000000002,
      0.2,
      0.25,
      0.30000000000000004,
      0.4
    ],
    "mean_accuracy": 0.25999999999999995,
    "std_accuracy": 0.08602325267042628,
    "mean_balanced_accuracy": 0.26000000000000006,
    "std_balanced_accuracy": 0.08602325267042628
  }
}