{
  "48": {
    "accuracies": [
      0.9090909090909091,
      0.9090909090909091,
      0.8876262626262627,
      0.9090909090909091,
      0.9015151515151515
    ],
    "balanced_accuracies": [
      0.7696969696969697,
      0.806060606060606,
      0.7780303030303031,
      0.7848484848484849,
      0.7681818181818182
    ],
    "mean_accuracy": 0.9032828282828284,
    "std_accuracy": 0.008360073412750912,
    "mean_balanced_accuracy": 0.7813636363636364,
    "std_balanced_accuracy": 0.01373365962863595
  },
  "49": {
    "accuracies": [
      0.9078282828282829,
      0.9078282828282829,
      0.8775252525252525,
      0.8977272727272727,
      0.8977272727272727
    ],
    "balanced_accuracies": [
      0.8113636363636363,
      0.8053030303030303,
      0.7477272727272727,
      0.7598484848484848,
      0.768939393939394
    ],
    "mean_accuracy": 0.8977272727272727,
    "std_accuracy": 0.011065102171821568,
    "mean_balanced_accuracy": 0.7786363636363636,
    "std_balanced_accuracy": 0.02523716704685698
  },
  "50": {
    "accuracies": [
      0.875,
      0.8825757575757576,
      0.8838383838383839,
      0.8838383838383839,
      0.8901515151515151
    ],
    "balanced_accuracies": [
      0.7219696969696969,
      0.7386363636363636,
      0.7363636363636363,
      0.7363636363636363,
      0.7613636363636365
    ],
    "mean_accuracy": 0.8830808080808079,
    "std_accuracy": 0.004831092542855804,
    "mean_balanced_accuracy": 0.7389393939393939,
    "std_balanced_accuracy": 0.012682098762328278
  },
  "51": {
    "accuracies": [
      0.8421717171717171,
      0.8434343434343434,
      0.8371212121212122,
      0.8421717171717171,
      0.8497474747474747
    ],
    "balanced_accuracies": [
      0.5901515151515151,
      0.5939393939393939,
      0.575,
      0.5537878787878787,
      0.5795454545454546
    ],
    "mean_accuracy": 0.8429292929292929,
    "std_accuracy": 0.004040404040404017,
    "mean_balanced_accuracy": 0.5784848484848484,
    "std_balanced_accuracy": 0.014129143305302752
  },
  "52": {
    "accuracies": [
      0.8863636363636364,
      0.8838383838383839,
      0.8800505050505051,
      0.875,
      0.8914141414141414
    ],
    "balanced_accuracies": [
      0.7712121212121212,
      0.7575757575757576,
      0.7613636363636365,
      0.728030303030303,
      0.75
    ],
    "mean_accuracy": 0.8833333333333334,
    "std_accuracy": 0.005567022142689043,
    "mean_balanced_accuracy": 0.7536363636363637,
    "std_balanced_accuracy": 0.01451227275811963
  },
  "53": {
    "accuracies": [
      0.875,
      0.8585858585858586,
      0.8787878787878788,
      0.8787878787878788,
      0.8497474747474747
    ],
    "balanced_accuracies": [
      0.7128787878787879,
      0.6848484848484848,
      0.7575757575757576,
      0.7333333333333334,
      0.6734848484848485
    ],
    "mean_accuracy": 0.8681818181818182,
    "std_accuracy": 0.011860624813956966,
    "mean_balanced_accuracy": 0.7124242424242424,
    "std_balanced_accuracy": 0.030831006538667025
  },
  "54": {
    "accuracies": [
      0.875,
      0.8661616161616161,
      0.8686868686868687,
      0.8724747474747475,
      0.8762626262626263
    ],
    "balanced_accuracies": [
      0.6825757575757576,
      0.6833333333333333,
      0.7090909090909091,
      0.7234848484848485,
      0.7136363636363636
    ],
    "mean_accuracy": 0.8717171717171717,
    "std_accuracy": 0.003796286964235595,
    "mean_balanced_accuracy": 0.7024242424242425,
    "std_balanced_accuracy": 0.016565810543753463
  }
}