{
  "48": {
    "accuracies": [
      0.922979797979798,
      0.9255050505050505,
      0.9116161616161617,
      0.9027777777777778,
      0.9141414141414141
    ],
    "balanced_accuracies": [
      0.8295454545454546,
      0.8340909090909091,
      0.8227272727272728,
      0.7901515151515152,
      0.8121212121212121
    ],
    "mean_accuracy": 0.9154040404040404,
    "std_accuracy": 0.008182753407080627,
    "mean_balanced_accuracy": 0.8177272727272727,
    "std_balanced_accuracy": 0.015647928539744182
  },
  "49": {
    "accuracies": [
      0.9027777777777778,
      0.9217171717171717,
      0.9053030303030303,
      0.9116161616161617,
      0.8952020202020202
    ],
    "balanced_accuracies": [
      0.7871212121212121,
      0.8318181818181818,
      0.7856060606060606,
      0.8227272727272728,
      0.7553030303030304
    ],
    "mean_accuracy": 0.9073232323232323,
    "std_accuracy": 0.008913819492284236,
    "mean_balanced_accuracy": 0.7965151515151515,
    "std_balanced_accuracy": 0.027709466049052594
  },
  "50": {
    "accuracies": [
      0.8977272727272727,
      0.8863636363636364,
      0.8787878787878788,
      0.8901515151515151,
      0.8863636363636364
    ],
    "balanced_accuracies": [
      0.7537878787878788,
      0.740909090909091,
      0.7515151515151515,
      0.7886363636363636,
      0.7439393939393939
    ],
    "mean_accuracy": 0.8878787878787879,
    "std_accuracy": 0.006154574548966631,
    "mean_balanced_accuracy": 0.7557575757575756,
    "std_balanced_accuracy": 0.017105785487762638
  },
  "51": {
    "accuracies": [
      0.8497474747474747,
      0.8396464646464646,
      0.8333333333333334,
      0.8459595959595959,
      0.8522727272727273
    ],
    "balanced_accuracies": [
      0.6401515151515151,
      0.5704545454545454,
      0.6151515151515151,
      0.5893939393939394,
      0.581060606060606
    ],
    "mean_accuracy": 0.8441919191919192,
    "std_accuracy": 0.006897222365529106,
    "mean_balanced_accuracy": 0.5992424242424242,
    "std_balanced_accuracy": 0.025230798734384587
  },
  "52": {
    "accuracies": [
      0.9141414141414141,
      0.9116161616161617,
      0.9053030303030303,
      0.9191919191919192,
      0.8964646464646465
    ],
    "balanced_accuracies": [
      0.793939393939394,
      0.7924242424242425,
      0.7795454545454545,
      0.8303030303030303,
      0.7712121212121212
    ],
    "mean_accuracy": 0.9093434343434342,
    "std_accuracy": 0.007840492270838391,
    "mean_balanced_accuracy": 0.7934848484848486,
    "std_balanced_accuracy": 0.020235073969450363
  },
  "53": {
    "accuracies": [
      0.8952020202020202,
      0.9204545454545454,
      0.9002525252525253,
      0.8964646464646465,
      0.9116161616161617
    ],
    "balanced_accuracies": [
      0.7916666666666667,
      0.8128787878787879,
      0.8037878787878787,
      0.7863636363636364,
      0.8045454545454546
    ],
    "mean_accuracy": 0.9047979797979797,
    "std_accuracy": 0.009734512761311279,
    "mean_balanced_accuracy": 0.7998484848484848,
    "std_balanced_accuracy": 0.009551465159075423
  },
  "54": {
    "accuracies": [
      0.875,
      0.8964646464646465,
      0.8787878787878788,
      0.8863636363636364,
      0.9027777777777778
    ],
    "balanced_accuracies": [
      0.718939393939394,
      0.7530303030303029,
      0.7393939393939394,
      0.746969696969697,
      0.781060606060606
    ],
    "mean_accuracy": 0.8878787878787879,
    "std_accuracy": 0.010454667446709332,
    "mean_balanced_accuracy": 0.7478787878787878,
    "std_balanced_accuracy": 0.020188505580546478
  }
}