{
  "mean_accuracy": 0.36,
  "std_accuracy": 0.058309518948453015,
  "mean_balanced_accuracy": 0.36,
  "std_balanced_accuracy": 0.05830951894845298,
  "n_subjects": 1,
  "n_folds_total": 5
}