{
  "51": {
    "accuracies": [
      0.3,
      0.35,
      0.4,
      0.45,
      0.3
    ],
    "balanced_accuracies": [
      0.30000000000000004,
      0.35,
      0.4,
      0.44999999999999996,
      0.30000000000000004
    ],
    "mean_accuracy": 0.36,
    "std_accuracy": 0.058309518948453015,
    "mean_balanced_accuracy": 0.36,
    "std_balanced_accuracy": 0.05830951894845298
  }
}