{
  "mean_accuracy": 0.32999999999999996,
  "std_accuracy": 0.10770329614269007,
  "mean_balanced_accuracy": 0.32999999999999996,
  "std_balanced_accuracy": 0.10770329614269007,
  "n_subjects": 1,
  "n_folds_total": 5
}