{
  "51": {
    "accuracies": [
      0.45,
      0.4,
      0.4,
      0.2,
      0.2
    ],
    "balanced_accuracies": [
      0.45000000000000007,
      0.39999999999999997,
      0.39999999999999997,
      0.2,
      0.2
    ],
    "mean_accuracy": 0.32999999999999996,
    "std_accuracy": 0.10770329614269007,
    "mean_balanced_accuracy": 0.32999999999999996,
    "std_balanced_accuracy": 0.10770329614269007
  }
}