{
  "mean_accuracy": 0.35000000000000003,
  "std_accuracy": 0.07071067811865477,
  "mean_balanced_accuracy": 0.35000000000000003,
  "std_balanced_accuracy": 0.07071067811865477,
  "n_subjects": 1,
  "n_folds_total": 5
}