{
  "51": {
    "accuracies": [
      0.25,
      0.45,
      0.4,
      0.35,
      0.3
    ],
    "balanced_accuracies": [
      0.25,
      0.45000000000000007,
      0.4,
      0.35,
      0.30000000000000004
    ],
    "mean_accuracy": 0.35000000000000003,
    "std_accuracy": 0.07071067811865477,
    "mean_balanced_accuracy": 0.35000000000000003,
    "std_balanced_accuracy": 0.07071067811865477
  }
}