{
  "mean_accuracy": 0.24,
  "std_accuracy": 0.10677078252031312,
  "mean_balanced_accuracy": 0.24000000000000005,
  "std_balanced_accuracy": 0.10677078252031312,
  "n_subjects": 1,
  "n_folds_total": 5
}