{
  "51": {
    "accuracies": [
      0.4,
      0.3,
      0.15,
      0.1,
      0.25
    ],
    "balanced_accuracies": [
      0.4,
      0.30000000000000004,
      0.15000000000000002,
      0.1,
      0.25
    ],
    "mean_accuracy": 0.24,
    "std_accuracy": 0.10677078252031312,
    "mean_balanced_accuracy": 0.24000000000000005,
    "std_balanced_accuracy": 0.10677078252031312
  }
}