{
  "mean_accuracy": 0.21000000000000002,
  "std_accuracy": 0.066332495807108,
  "mean_balanced_accuracy": 0.21000000000000002,
  "std_balanced_accuracy": 0.066332495807108,
  "n_subjects": 1,
  "n_folds_total": 5
}