{
  "51": {
    "accuracies": [
      0.3,
      0.25,
      0.2,
      0.2,
      0.1
    ],
    "balanced_accuracies": [
      0.3,
      0.25,
      0.2,
      0.2,
      0.1
    ],
    "mean_accuracy": 0.21000000000000002,
    "std_accuracy": 0.066332495807108,
    "mean_balanced_accuracy": 0.21000000000000002,
    "std_balanced_accuracy": 0.066332495807108
  }
}