{
  "mean_accuracy": 0.71,
  "std_accuracy": 0.10440306508910549,
  "mean_balanced_accuracy": 0.71,
  "std_balanced_accuracy": 0.10440306508910549,
  "n_subjects": 1,
  "n_folds_total": 5
}