{
  "mean_accuracy": 0.25,
  "std_accuracy": 0.10954451150103323,
  "mean_balanced_accuracy": 0.25,
  "std_balanced_accuracy": 0.10954451150103325,
  "n_subjects": 1,
  "n_folds_total": 5
}