{
  "51": {
    "accuracies": [
      0.25,
      0.45,
      0.15,
      0.15,
      0.25
    ],
    "balanced_accuracies": [
      0.25,
      0.45000000000000007,
      0.15000000000000002,
      0.15,
      0.25
    ],
    "mean_accuracy": 0.25,
    "std_accuracy": 0.10954451150103323,
    "mean_balanced_accuracy": 0.25,
    "std_balanced_accuracy": 0.10954451150103325
  }
}