{
  "51": {
    "accuracies": [
      0.375,
      0.525,
      0.375,
      0.45,
      0.45
    ],
    "balanced_accuracies": [
      0.375,
      0.525,
      0.375,
      0.45,
      0.45000000000000007
    ],
    "mean_accuracy": 0.43499999999999994,
    "std_accuracy": 0.05612486080160913,
    "mean_balanced_accuracy": 0.43499999999999994,
    "std_balanced_accuracy": 0.05612486080160913
  }
}