{
  "51": {
    "accuracies": [
      0.6,
      0.5,
      0.525,
      0.525,
      0.325
    ],
    "balanced_accuracies": [
      0.6,
      0.5,
      0.525,
      0.525,
      0.325
    ],
    "mean_accuracy": 0.495,
    "std_accuracy": 0.09137833441248533,
    "mean_balanced_accuracy": 0.495,
    "std_balanced_accuracy": 0.09137833441248533
  },
  "54": {
    "accuracies": [
      0.7,
      0.825,
      0.725,
      0.675,
      0.625
    ],
    "balanced_accuracies": [
      0.7,
      0.825,
      0.7250000000000001,
      0.6749999999999999,
      0.625
    ],
    "mean_accuracy": 0.71,
    "std_accuracy": 0.06633249580710797,
    "mean_balanced_accuracy": 0.71,
    "std_balanced_accuracy": 0.066332495807108
  }
}