{
  "mean_accuracy": 0.38,
  "std_accuracy": 0.09797958971132714,
  "mean_balanced_accuracy": 0.38,
  "std_balanced_accuracy": 0.09797958971132714,
  "n_subjects": 1,
  "n_folds_total": 5
}