{
  "51": {
    "accuracies": [
      0.35,
      0.4,
      0.25,
      0.55,
      0.35
    ],
    "balanced_accuracies": [
      0.35,
      0.4,
      0.25,
      0.55,
      0.35
    ],
    "mean_accuracy": 0.38,
    "std_accuracy": 0.09797958971132714,
    "mean_balanced_accuracy": 0.38,
    "std_balanced_accuracy": 0.09797958971132714
  }
}