{
  "mean_accuracy": 0.24000000000000005,
  "std_accuracy": 0.08602325267042625,
  "mean_balanced_accuracy": 0.24000000000000005,
  "std_balanced_accuracy": 0.08602325267042628,
  "n_subjects": 1,
  "n_folds_total": 5
}