{
  "mean_accuracy": 0.65,
  "std_accuracy": 0.05477225575051661,
  "mean_balanced_accuracy": 0.65,
  "std_balanced_accuracy": 0.05477225575051661,
  "n_subjects": 1,
  "n_folds_total": 5
}