{
  "54": {
    "accuracies": [
      0.65,
      0.75,
      0.6,
      0.65,
      0.6
    ],
    "balanced_accuracies": [
      0.65,
      0.75,
      0.6,
      0.65,
      0.6
    ],
    "mean_accuracy": 0.65,
    "std_accuracy": 0.05477225575051661,
    "mean_balanced_accuracy": 0.65,
    "std_balanced_accuracy": 0.05477225575051661
  }
}