{
  "mean_accuracy": 0.31,
  "std_accuracy": 0.04898979485566357,
  "mean_balanced_accuracy": 0.31,
  "std_balanced_accuracy": 0.04898979485566357,
  "n_subjects": 1,
  "n_folds_total": 5
}