{
  "51": {
    "accuracies": [
      0.4,
      0.3,
      0.3,
      0.25,
      0.3
    ],
    "balanced_accuracies": [
      0.4,
      0.30000000000000004,
      0.30000000000000004,
      0.25,
      0.3
    ],
    "mean_accuracy": 0.31,
    "std_accuracy": 0.04898979485566357,
    "mean_balanced_accuracy": 0.31,
    "std_balanced_accuracy": 0.04898979485566357
  }
}