mode,subject,std,mad,ptp,line_length,near_flat_ratio,hf_ratio
preprocessed,50,10.591838592283148,3.648734918889712,471.9378285430955,2.7731554453451275,0.08244831664219597,0.2916921399030047
preprocessed,51,14.774823721780495,4.519583725055857,540.2166501266382,2.950843256614915,0.06915675202051623,0.18307284390388687
preprocessed,53,15.690069678875512,6.4275822985390745,530.2689705625796,3.4887845517518925,0.04685047882005432,0.1423068822735656
preprocessed,54,20.107305549962827,6.408095708245981,601.163316752512,3.725018990416275,0.049395884026488944,0.18832259321335534
raw,50,5.0702610883437575e-05,2.1774193552052304e-05,0.0012643104841170772,3.696891081620759e-06,0.010942597723859195,0.20058481627470096
raw,51,8.279737898000066e-05,2.834274193344097e-05,0.0016529104817298152,3.848686170634117e-06,0.008209315979165013,0.10550388952070522
raw,53,7.506933932275796e-05,2.4316935661038563e-05,0.0019509774163653773,4.339797973106632e-06,0.008914600280646643,0.10544279557431048
raw,54,9.764559612214728e-05,4.594193532383971e-05,0.0017091258015786445,6.922995561357098e-06,0.006007483449269816,0.1392194786656421
