{
  "mean_accuracy": 0.31,
  "std_accuracy": 0.13190905958272922,
  "mean_balanced_accuracy": 0.31,
  "std_balanced_accuracy": 0.1319090595827292,
  "n_subjects": 1,
  "n_folds_total": 5
}