{
  "51": {
    "accuracies": [
      0.3,
      0.25,
      0.15,
      0.55,
      0.3
    ],
    "balanced_accuracies": [
      0.30000000000000004,
      0.25,
      0.15000000000000002,
      0.55,
      0.30000000000000004
    ],
    "mean_accuracy": 0.31,
    "std_accuracy": 0.13190905958272922,
    "mean_balanced_accuracy": 0.31,
    "std_balanced_accuracy": 0.1319090595827292
  }
}