{
  "51": {
    "accuracies": [
      0.35,
      0.2,
      0.35,
      0.3,
      0.45
    ],
    "balanced_accuracies": [
      0.35000000000000003,
      0.2,
      0.35,
      0.3,
      0.45
    ],
    "mean_accuracy": 0.32999999999999996,
    "std_accuracy": 0.08124038404635961,
    "mean_balanced_accuracy": 0.32999999999999996,
    "std_balanced_accuracy": 0.08124038404635961
  }
}