{
  "51": {
    "accuracies": [
      0.35,
      0.2,
      0.25,
      0.4,
      0.4
    ],
    "balanced_accuracies": [
      0.35,
      0.2,
      0.25,
      0.39999999999999997,
      0.4
    ],
    "mean_accuracy": 0.32,
    "std_accuracy": 0.08124038404635961,
    "mean_balanced_accuracy": 0.32,
    "std_balanced_accuracy": 0.0812403840463596
  }
}