{
  "51": {
    "accuracies": [
      0.25,
      0.2,
      0.3,
      0.35,
      0.4
    ],
    "balanced_accuracies": [
      0.25,
      0.2,
      0.3,
      0.35000000000000003,
      0.4
    ],
    "mean_accuracy": 0.3,
    "std_accuracy": 0.07071067811865475,
    "mean_balanced_accuracy": 0.3,
    "std_balanced_accuracy": 0.07071067811865477
  }
}