{
  "mean_accuracy": 0.23500000000000001,
  "std_accuracy": 0.030000000000000006,
  "mean_balanced_accuracy": 0.23500000000000001,
  "std_balanced_accuracy": 0.030000000000000006,
  "n_subjects": 1,
  "n_folds_total": 5
}