{
  "51": {
    "accuracies": [
      0.25,
      0.25,
      0.25,
      0.25,
      0.175
    ],
    "balanced_accuracies": [
      0.25,
      0.25,
      0.25,
      0.25,
      0.175
    ],
    "mean_accuracy": 0.23500000000000001,
    "std_accuracy": 0.030000000000000006,
    "mean_balanced_accuracy": 0.23500000000000001,
    "std_balanced_accuracy": 0.030000000000000006
  }
}