{
  "48": {
    "accuracies": [
      0.9504830917874396,
      0.9498792270531401,
      0.946256038647343,
      0.9468599033816425,
      0.9522946859903382
    ],
    "balanced_accuracies": [
      0.9036231884057971,
      0.9119565217391304,
      0.8880434782608695,
      0.9115942028985508,
      0.9047101449275363
    ],
    "roc_aucs": [
      0.9596972799831968,
      0.9681710775047259,
      0.9676157844990548,
      0.9715763495064063,
      0.9738132745221593
    ],
    "mean_accuracy": 0.9491545893719808,
    "std_accuracy": 0.0022723294350515534,
    "mean_balanced_accuracy": 0.9039855072463769,
    "std_balanced_accuracy": 0.00867449116037419,
    "mean_roc_auc": 0.9681747532031085,
    "std_roc_auc": 0.004807156993342109
  },
  "49": {
    "accuracies": [
      0.9492753623188406,
      0.9553140096618358,
      0.9468599033816425,
      0.9522946859903382,
      0.9444444444444444
    ],
    "balanced_accuracies": [
      0.8971014492753623,
      0.9079710144927536,
      0.8942028985507247,
      0.8989130434782608,
      0.8840579710144927
    ],
    "roc_aucs": [
      0.9732396030245746,
      0.9665682104599874,
      0.9682708464608276,
      0.9719701743331233,
      0.9471316425120773
    ],
    "mean_accuracy": 0.9496376811594203,
    "std_accuracy": 0.0038496080798331635,
    "mean_balanced_accuracy": 0.8964492753623189,
    "std_balanced_accuracy": 0.007717986640982254,
    "mean_roc_auc": 0.965436095358118,
    "std_roc_auc": 0.009465298858072842
  },
  "50": {
    "accuracies": [
      0.9239130434782609,
      0.9178743961352657,
      0.907608695652174,
      0.9045893719806763,
      0.9184782608695652
    ],
    "balanced_accuracies": [
      0.8442028985507246,
      0.8347826086956522,
      0.8242753623188406,
      0.8311594202898551,
      0.8365942028985507
    ],
    "roc_aucs": [
      0.9343651543793321,
      0.9197030560806554,
      0.9250813904641881,
      0.9184533186305398,
      0.9371980676328502
    ],
    "mean_accuracy": 0.9144927536231885,
    "std_accuracy": 0.007232272908975762,
    "mean_balanced_accuracy": 0.8342028985507245,
    "std_balanced_accuracy": 0.006540231431621046,
    "mean_roc_auc": 0.9269601974375131,
    "std_roc_auc": 0.007592237836102413
  },
  "51": {
    "accuracies": [
      0.8961352657004831,
      0.8894927536231884,
      0.9009661835748792,
      0.9033816425120773,
      0.8991545893719807
    ],
    "balanced_accuracies": [
      0.8014492753623188,
      0.7815217391304348,
      0.7927536231884058,
      0.7985507246376811,
      0.7945652173913043
    ],
    "roc_aucs": [
      0.8974073198907793,
      0.8898327557235876,
      0.8938497689561016,
      0.8967798256668766,
      0.9040275152278933
    ],
    "mean_accuracy": 0.8978260869565217,
    "std_accuracy": 0.004791505899728855,
    "mean_balanced_accuracy": 0.793768115942029,
    "std_balanced_accuracy": 0.006833913479914377,
    "mean_roc_auc": 0.8963794370930478,
    "std_roc_auc": 0.004668366117796355
  },
  "52": {
    "accuracies": [
      0.9353864734299517,
      0.9408212560386473,
      0.9390096618357487,
      0.9444444444444444,
      0.9492753623188406
    ],
    "balanced_accuracies": [
      0.8771739130434782,
      0.886231884057971,
      0.8778985507246377,
      0.8927536231884058,
      0.8927536231884058
    ],
    "roc_aucs": [
      0.9345660050409577,
      0.9366493383742912,
      0.952458779668137,
      0.9522316740180635,
      0.9608669397185465
    ],
    "mean_accuracy": 0.9417874396135266,
    "std_accuracy": 0.004748696437521126,
    "mean_balanced_accuracy": 0.8853623188405797,
    "std_balanced_accuracy": 0.006823147771787432,
    "mean_roc_auc": 0.947354547363999,
    "std_roc_auc": 0.010105173063527087
  },
  "53": {
    "accuracies": [
      0.9269323671497585,
      0.9148550724637681,
      0.9196859903381642,
      0.9148550724637681,
      0.9305555555555556
    ],
    "balanced_accuracies": [
      0.838768115942029,
      0.8300724637681159,
      0.8373188405797101,
      0.8286231884057971,
      0.8423913043478262
    ],
    "roc_aucs": [
      0.9335263074984247,
      0.9345029930686831,
      0.927889361478681,
      0.9238185255198488,
      0.9428231989077924
    ],
    "mean_accuracy": 0.9213768115942029,
    "std_accuracy": 0.006372418337329941,
    "mean_balanced_accuracy": 0.8354347826086957,
    "std_balanced_accuracy": 0.005257494825280336,
    "mean_roc_auc": 0.932512077294686,
    "std_roc_auc": 0.006453820286046327
  },
  "54": {
    "accuracies": [
      0.9064009661835749,
      0.9045893719806763,
      0.9027777777777778,
      0.908816425120773,
      0.9027777777777778
    ],
    "balanced_accuracies": [
      0.797463768115942,
      0.8108695652173913,
      0.8184782608695652,
      0.8206521739130435,
      0.8170289855072463
    ],
    "roc_aucs": [
      0.9112331968073933,
      0.9195442134005462,
      0.9150349191346355,
      0.9320678428901492,
      0.9236032346145767
    ],
    "mean_accuracy": 0.905072463768116,
    "std_accuracy": 0.002304200969606159,
    "mean_balanced_accuracy": 0.8128985507246377,
    "std_balanced_accuracy": 0.008374504471416622,
    "mean_roc_auc": 0.9202966813694602,
    "std_roc_auc": 0.007209613584316891
  }
}