{
  "51": {
    "accuracies": [
      0.25,
      0.25,
      0.2,
      0.3,
      0.25
    ],
    "balanced_accuracies": [
      0.25,
      0.25,
      0.2,
      0.30000000000000004,
      0.25
    ],
    "mean_accuracy": 0.25,
    "std_accuracy": 0.031622776601683784,
    "mean_balanced_accuracy": 0.25,
    "std_balanced_accuracy": 0.0316227766016838
  }
}