{
  "mean_accuracy": 0.29,
  "std_accuracy": 0.14966629547095767,
  "mean_balanced_accuracy": 0.29,
  "std_balanced_accuracy": 0.14966629547095764,
  "n_subjects": 1,
  "n_folds_total": 5
}