{
  "51": {
    "accuracies": [
      0.25,
      0.45,
      0.45,
      0.25,
      0.05
    ],
    "balanced_accuracies": [
      0.25,
      0.44999999999999996,
      0.44999999999999996,
      0.25,
      0.05
    ],
    "mean_accuracy": 0.29,
    "std_accuracy": 0.14966629547095767,
    "mean_balanced_accuracy": 0.29,
    "std_balanced_accuracy": 0.14966629547095764
  }
}