{
  "51": {
    "accuracies": [
      0.25,
      0.3,
      0.4,
      0.2,
      0.3
    ],
    "balanced_accuracies": [
      0.25,
      0.3,
      0.4,
      0.2,
      0.30000000000000004
    ],
    "mean_accuracy": 0.29000000000000004,
    "std_accuracy": 0.066332495807108,
    "mean_balanced_accuracy": 0.29000000000000004,
    "std_balanced_accuracy": 0.066332495807108
  }
}