{
  "51": {
    "accuracies": [
      0.25,
      0.2,
      0.4,
      0.25,
      0.3
    ],
    "balanced_accuracies": [
      0.25,
      0.2,
      0.4,
      0.25,
      0.3
    ],
    "mean_accuracy": 0.28,
    "std_accuracy": 0.06782329983125268,
    "mean_balanced_accuracy": 0.28,
    "std_balanced_accuracy": 0.06782329983125268
  }
}