{
  "51": {
    "accuracies": [
      0.3,
      0.25,
      0.4,
      0.15,
      0.35
    ],
    "balanced_accuracies": [
      0.3,
      0.25,
      0.4,
      0.15,
      0.35
    ],
    "mean_accuracy": 0.29000000000000004,
    "std_accuracy": 0.08602325267042628,
    "mean_balanced_accuracy": 0.29000000000000004,
    "std_balanced_accuracy": 0.08602325267042628
  }
}