{
  "mean_accuracy": 0.5119047619047619,
  "std_accuracy": 0.02963664115358238,
  "mean_balanced_accuracy": 0.5119047619047619,
  "std_balanced_accuracy": 0.029636641153582385,
  "n_groups": 9,
  "n_folds_total": 9
}