{
  "mean_accuracy": 0.5774999999999999,
  "std_accuracy": 0.19857303442310592,
  "mean_balanced_accuracy": 0.5775,
  "std_balanced_accuracy": 0.1985730344231059,
  "n_subjects": 2,
  "n_folds_total": 10
}