{
  "51": {
    "accuracies": [
      0.425,
      0.275,
      0.575,
      0.25,
      0.5
    ],
    "balanced_accuracies": [
      0.425,
      0.275,
      0.575,
      0.25,
      0.5
    ],
    "mean_accuracy": 0.40499999999999997,
    "std_accuracy": 0.1258967831201417,
    "mean_balanced_accuracy": 0.40499999999999997,
    "std_balanced_accuracy": 0.1258967831201417
  },
  "54": {
    "accuracies": [
      0.85,
      0.725,
      0.775,
      0.675,
      0.725
    ],
    "balanced_accuracies": [
      0.85,
      0.725,
      0.7749999999999999,
      0.675,
      0.7250000000000001
    ],
    "mean_accuracy": 0.7500000000000001,
    "std_accuracy": 0.05916079783099615,
    "mean_balanced_accuracy": 0.7499999999999999,
    "std_balanced_accuracy": 0.05916079783099613
  }
}