{
  "mean_accuracy": 0.25999999999999995,
  "std_accuracy": 0.14282856857085702,
  "mean_balanced_accuracy": 0.26,
  "std_balanced_accuracy": 0.142828568570857,
  "n_subjects": 1,
  "n_folds_total": 5
}