{
  "51": {
    "accuracies": [
      0.3,
      0.15,
      0.45,
      0.05,
      0.35
    ],
    "balanced_accuracies": [
      0.30000000000000004,
      0.15,
      0.44999999999999996,
      0.05,
      0.35
    ],
    "mean_accuracy": 0.25999999999999995,
    "std_accuracy": 0.14282856857085702,
    "mean_balanced_accuracy": 0.26,
    "std_balanced_accuracy": 0.142828568570857
  }
}