{
  "mean_accuracy": 0.27,
  "std_accuracy": 0.024494897427831775,
  "mean_balanced_accuracy": 0.27,
  "std_balanced_accuracy": 0.02449489742783179,
  "n_subjects": 1,
  "n_folds_total": 5
}