{
  "51": {
    "accuracies": [
      0.25,
      0.3,
      0.2,
      0.3,
      0.2
    ],
    "balanced_accuracies": [
      0.25,
      0.3,
      0.2,
      0.3,
      0.2
    ],
    "mean_accuracy": 0.25,
    "std_accuracy": 0.04472135954999579,
    "mean_balanced_accuracy": 0.25,
    "std_balanced_accuracy": 0.04472135954999579
  }
}