{
  "mean_accuracy": 0.27999999999999997,
  "std_accuracy": 0.05099019513592784,
  "mean_balanced_accuracy": 0.27999999999999997,
  "std_balanced_accuracy": 0.05099019513592784,
  "n_subjects": 1,
  "n_folds_total": 5
}