{
  "mean_accuracy": 0.32,
  "std_accuracy": 0.11224972160321824,
  "mean_balanced_accuracy": 0.32,
  "std_balanced_accuracy": 0.11224972160321822,
  "n_subjects": 1,
  "n_folds_total": 5
}