{
  "mean_accuracy": 0.34,
  "std_accuracy": 0.1007472083980494,
  "mean_balanced_accuracy": 0.34,
  "std_balanced_accuracy": 0.1007472083980494,
  "n_subjects": 1,
  "n_folds_total": 5
}