{
  "51": {
    "accuracies": [
      0.35,
      0.2,
      0.375,
      0.275,
      0.5
    ],
    "balanced_accuracies": [
      0.35,
      0.2,
      0.375,
      0.275,
      0.5
    ],
    "mean_accuracy": 0.34,
    "std_accuracy": 0.1007472083980494,
    "mean_balanced_accuracy": 0.34,
    "std_balanced_accuracy": 0.1007472083980494
  }
}