{
  "mean_accuracy": 0.5425,
  "std_accuracy": 0.1313630465541965,
  "mean_balanced_accuracy": 0.5425,
  "std_balanced_accuracy": 0.1313630465541965,
  "n_subjects": 2,
  "n_folds_total": 10
}