{
  "51": {
    "accuracies": [
      0.6,
      0.325,
      0.425,
      0.4,
      0.425
    ],
    "balanced_accuracies": [
      0.6,
      0.325,
      0.425,
      0.4,
      0.425
    ],
    "mean_accuracy": 0.43499999999999994,
    "std_accuracy": 0.09027735042633893,
    "mean_balanced_accuracy": 0.43499999999999994,
    "std_balanced_accuracy": 0.09027735042633893
  },
  "54": {
    "accuracies": [
      0.65,
      0.55,
      0.65,
      0.725,
      0.675
    ],
    "balanced_accuracies": [
      0.65,
      0.5499999999999999,
      0.6499999999999999,
      0.7250000000000001,
      0.6749999999999999
    ],
    "mean_accuracy": 0.65,
    "std_accuracy": 0.05700877125495688,
    "mean_balanced_accuracy": 0.65,
    "std_balanced_accuracy": 0.057008771254956944
  }
}