{
  "mean_accuracy": 0.24000000000000005,
  "std_accuracy": 0.09165151389911681,
  "mean_balanced_accuracy": 0.24000000000000005,
  "std_balanced_accuracy": 0.0916515138991168,
  "n_subjects": 1,
  "n_folds_total": 5
}