{
  "51": {
    "accuracies": [
      0.25,
      0.4,
      0.15,
      0.15,
      0.25
    ],
    "balanced_accuracies": [
      0.25,
      0.4,
      0.15,
      0.15000000000000002,
      0.25
    ],
    "mean_accuracy": 0.24000000000000005,
    "std_accuracy": 0.09165151389911681,
    "mean_balanced_accuracy": 0.24000000000000005,
    "std_balanced_accuracy": 0.0916515138991168
  }
}