{
  "mean_accuracy": 0.31999999999999995,
  "std_accuracy": 0.07483314773547883,
  "mean_balanced_accuracy": 0.31999999999999995,
  "std_balanced_accuracy": 0.0748331477354788,
  "n_subjects": 1,
  "n_folds_total": 5
}