{
  "51": {
    "accuracies": [
      0.35,
      0.25,
      0.3,
      0.25,
      0.45
    ],
    "balanced_accuracies": [
      0.35,
      0.25,
      0.3,
      0.25,
      0.44999999999999996
    ],
    "mean_accuracy": 0.31999999999999995,
    "std_accuracy": 0.07483314773547883,
    "mean_balanced_accuracy": 0.31999999999999995,
    "std_balanced_accuracy": 0.0748331477354788
  }
}