{
  "mean_accuracy": 0.33,
  "std_accuracy": 0.04000000000000001,
  "mean_balanced_accuracy": 0.33,
  "std_balanced_accuracy": 0.04000000000000001,
  "n_subjects": 1,
  "n_folds_total": 5
}