{
  "48": {
    "accuracies": [
      0.9160628019323671,
      0.9178743961352657,
      0.9299516908212561,
      0.9317632850241546,
      0.9166666666666666
    ],
    "balanced_accuracies": [
      0.8351449275362319,
      0.8144927536231884,
      0.8492753623188406,
      0.8532608695652174,
      0.8210144927536231
    ],
    "roc_aucs": [
      0.9449222852341945,
      0.9506169922285235,
      0.9515963032976265,
      0.9634714345725688,
      0.9568578029825666
    ],
    "mean_accuracy": 0.922463768115942,
    "std_accuracy": 0.006902044474507059,
    "mean_balanced_accuracy": 0.8346376811594203,
    "std_balanced_accuracy": 0.015183883052693288,
    "mean_roc_auc": 0.953492963663096,
    "std_roc_auc": 0.006264456661245369
  },
  "49": {
    "accuracies": [
      0.9257246376811594,
      0.9281400966183575,
      0.9341787439613527,
      0.9335748792270532,
      0.9154589371980676
    ],
    "balanced_accuracies": [
      0.8539855072463768,
      0.833695652173913,
      0.847463768115942,
      0.8485507246376811,
      0.8231884057971015
    ],
    "roc_aucs": [
      0.9524863474060072,
      0.9506196177273681,
      0.9545998739760554,
      0.9620746691871456,
      0.9363579080025205
    ],
    "mean_accuracy": 0.927415458937198,
    "std_accuracy": 0.006782667189419824,
    "mean_balanced_accuracy": 0.8413768115942029,
    "std_balanced_accuracy": 0.011289938791526007,
    "mean_roc_auc": 0.9512276832598194,
    "std_roc_auc": 0.008391578746118192
  },
  "50": {
    "accuracies": [
      0.9051932367149759,
      0.8961352657004831,
      0.8913043478260869,
      0.8888888888888888,
      0.8961352657004831
    ],
    "balanced_accuracies": [
      0.7764492753623189,
      0.7739130434782608,
      0.7521739130434782,
      0.7478260869565218,
      0.7623188405797101
    ],
    "roc_aucs": [
      0.9004673387943709,
      0.918780193236715,
      0.9025546103759715,
      0.9081416719176643,
      0.9062749422390254
    ],
    "mean_accuracy": 0.8955314009661836,
    "std_accuracy": 0.0055869727083190475,
    "mean_balanced_accuracy": 0.762536231884058,
    "std_balanced_accuracy": 0.011373811106222282,
    "mean_roc_auc": 0.9072437513127495,
    "std_roc_auc": 0.006367764977498696
  },
  "51": {
    "accuracies": [
      0.8653381642512077,
      0.8623188405797102,
      0.8731884057971014,
      0.8774154589371981,
      0.8689613526570048
    ],
    "balanced_accuracies": [
      0.6844202898550724,
      0.682608695652174,
      0.7065217391304348,
      0.6960144927536231,
      0.6605072463768116
    ],
    "roc_aucs": [
      0.8321991178323882,
      0.8500656374711194,
      0.8437171812644402,
      0.8495142827137157,
      0.8382929006511237
    ],
    "mean_accuracy": 0.8694444444444445,
    "std_accuracy": 0.005393022599460407,
    "mean_balanced_accuracy": 0.6860144927536233,
    "std_balanced_accuracy": 0.01539680296986754,
    "mean_roc_auc": 0.8427578239865575,
    "std_roc_auc": 0.0068028825491104365
  },
  "52": {
    "accuracies": [
      0.928743961352657,
      0.9263285024154589,
      0.9299516908212561,
      0.9269323671497585,
      0.9130434782608695
    ],
    "balanced_accuracies": [
      0.8384057971014494,
      0.8326086956521739,
      0.8565217391304347,
      0.8460144927536232,
      0.8043478260869565
    ],
    "roc_aucs": [
      0.9481148918294475,
      0.945394875026255,
      0.9482435412728418,
      0.9471985927326193,
      0.9383664146187777
    ],
    "mean_accuracy": 0.925,
    "std_accuracy": 0.006115453575445517,
    "mean_balanced_accuracy": 0.8355797101449276,
    "std_balanced_accuracy": 0.017548205278791775,
    "mean_roc_auc": 0.9454636630959883,
    "std_roc_auc": 0.003691676721088482
  },
  "53": {
    "accuracies": [
      0.9214975845410628,
      0.9148550724637681,
      0.913647342995169,
      0.9051932367149759,
      0.9124396135265701
    ],
    "balanced_accuracies": [
      0.8181159420289854,
      0.8068840579710145,
      0.8264492753623188,
      0.7880434782608696,
      0.7996376811594204
    ],
    "roc_aucs": [
      0.9454500105019953,
      0.9343572778827977,
      0.9340159630329763,
      0.9195967233774418,
      0.9476002940558705
    ],
    "mean_accuracy": 0.9135265700483093,
    "std_accuracy": 0.005214259213749477,
    "mean_balanced_accuracy": 0.8078260869565218,
    "std_balanced_accuracy": 0.013505504646054153,
    "mean_roc_auc": 0.9362040537702164,
    "std_roc_auc": 0.009993635510281687
  },
  "54": {
    "accuracies": [
      0.9015700483091788,
      0.8894927536231884,
      0.8943236714975845,
      0.9021739130434783,
      0.8985507246376812
    ],
    "balanced_accuracies": [
      0.7815217391304348,
      0.7554347826086957,
      0.7670289855072463,
      0.7818840579710145,
      0.7623188405797101
    ],
    "roc_aucs": [
      0.9186200378071834,
      0.8968257718966604,
      0.9133769166141568,
      0.919749002310439,
      0.9184493803822726
    ],
    "mean_accuracy": 0.8972222222222221,
    "std_accuracy": 0.004760966991407514,
    "mean_balanced_accuracy": 0.7696376811594202,
    "std_balanced_accuracy": 0.010519483129403682,
    "mean_roc_auc": 0.9134042218021424,
    "std_roc_auc": 0.008576250325607718
  }
}