{
  "mean_accuracy": 0.6012962962962963,
  "std_accuracy": 0.14046171170613858,
  "mean_balanced_accuracy": 0.6012962962962963,
  "std_balanced_accuracy": 0.14046171170613855,
  "n_groups": 9,
  "n_folds_total": 9
}