{
  "mean_accuracy": 0.23000000000000004,
  "std_accuracy": 0.07483314773547882,
  "mean_balanced_accuracy": 0.23000000000000004,
  "std_balanced_accuracy": 0.07483314773547883,
  "n_subjects": 1,
  "n_folds_total": 5
}