{
  "51": {
    "accuracies": [
      0.3,
      0.3,
      0.2,
      0.25,
      0.1
    ],
    "balanced_accuracies": [
      0.30000000000000004,
      0.3,
      0.2,
      0.25,
      0.1
    ],
    "mean_accuracy": 0.23000000000000004,
    "std_accuracy": 0.07483314773547882,
    "mean_balanced_accuracy": 0.23000000000000004,
    "std_balanced_accuracy": 0.07483314773547883
  }
}