{
  "51": {
    "accuracies": [
      0.55,
      0.525,
      0.225,
      0.3,
      0.65
    ],
    "balanced_accuracies": [
      0.55,
      0.525,
      0.22499999999999998,
      0.30000000000000004,
      0.65
    ],
    "mean_accuracy": 0.45000000000000007,
    "std_accuracy": 0.16046806535881214,
    "mean_balanced_accuracy": 0.45000000000000007,
    "std_balanced_accuracy": 0.16046806535881214
  },
  "54": {
    "accuracies": [
      0.625,
      0.525,
      0.725,
      0.65,
      0.675
    ],
    "balanced_accuracies": [
      0.625,
      0.525,
      0.7250000000000001,
      0.6499999999999999,
      0.675
    ],
    "mean_accuracy": 0.64,
    "std_accuracy": 0.06633249580710798,
    "mean_balanced_accuracy": 0.64,
    "std_balanced_accuracy": 0.06633249580710802
  }
}