{
  "51": {
    "accuracies": [
      0.25,
      0.3,
      0.15,
      0.2,
      0.35
    ],
    "balanced_accuracies": [
      0.25,
      0.3,
      0.15,
      0.2,
      0.35
    ],
    "mean_accuracy": 0.25,
    "std_accuracy": 0.07071067811865475,
    "mean_balanced_accuracy": 0.25,
    "std_balanced_accuracy": 0.07071067811865475
  }
}