{
  "51": {
    "accuracies": [
      0.35,
      0.4,
      0.275,
      0.4,
      0.575
    ],
    "balanced_accuracies": [
      0.35000000000000003,
      0.4,
      0.27499999999999997,
      0.39999999999999997,
      0.575
    ],
    "mean_accuracy": 0.39999999999999997,
    "std_accuracy": 0.09874208829065748,
    "mean_balanced_accuracy": 0.39999999999999997,
    "std_balanced_accuracy": 0.09874208829065749
  }
}