{
  "mean_accuracy": 0.35,
  "std_accuracy": 0.09486832980505137,
  "mean_balanced_accuracy": 0.35,
  "std_balanced_accuracy": 0.09486832980505137,
  "n_subjects": 1,
  "n_folds_total": 5
}