{
  "51": {
    "accuracies": [
      0.5,
      0.25,
      0.4,
      0.35,
      0.25
    ],
    "balanced_accuracies": [
      0.49999999999999994,
      0.25,
      0.4,
      0.35000000000000003,
      0.25
    ],
    "mean_accuracy": 0.35,
    "std_accuracy": 0.09486832980505137,
    "mean_balanced_accuracy": 0.35,
    "std_balanced_accuracy": 0.09486832980505137
  }
}