{
  "mean_accuracy": 0.6637037037037037,
  "std_accuracy": 0.12839831875023722,
  "mean_balanced_accuracy": 0.6637037037037037,
  "std_balanced_accuracy": 0.12839831875023722,
  "n_groups": 9,
  "n_folds_total": 9
}