{
  "51": {
    "accuracies": [
      0.25,
      0.25,
      0.3,
      0.2,
      0.2
    ],
    "balanced_accuracies": [
      0.25,
      0.25,
      0.3,
      0.2,
      0.2
    ],
    "mean_accuracy": 0.24,
    "std_accuracy": 0.0374165738677394,
    "mean_balanced_accuracy": 0.24,
    "std_balanced_accuracy": 0.0374165738677394
  }
}