{
  "mean_accuracy": 0.3,
  "std_accuracy": 0.0632455532033676,
  "mean_balanced_accuracy": 0.3,
  "std_balanced_accuracy": 0.0632455532033676,
  "n_subjects": 1,
  "n_folds_total": 5
}