{
  "51": {
    "accuracies": [
      0.35,
      0.25,
      0.25,
      0.25,
      0.4
    ],
    "balanced_accuracies": [
      0.35,
      0.25,
      0.25,
      0.25,
      0.4
    ],
    "mean_accuracy": 0.3,
    "std_accuracy": 0.0632455532033676,
    "mean_balanced_accuracy": 0.3,
    "std_balanced_accuracy": 0.0632455532033676
  }
}