{
  "51": {
    "accuracies": [
      0.3,
      0.25,
      0.25,
      0.35,
      0.25
    ],
    "balanced_accuracies": [
      0.30000000000000004,
      0.25,
      0.25,
      0.35,
      0.25
    ],
    "mean_accuracy": 0.27999999999999997,
    "std_accuracy": 0.039999999999999994,
    "mean_balanced_accuracy": 0.27999999999999997,
    "std_balanced_accuracy": 0.039999999999999994
  }
}