{
  "51": {
    "accuracies": [
      0.35,
      0.4,
      0.35,
      0.3,
      0.15
    ],
    "balanced_accuracies": [
      0.35,
      0.4,
      0.35,
      0.3,
      0.15000000000000002
    ],
    "mean_accuracy": 0.31,
    "std_accuracy": 0.08602325267042628,
    "mean_balanced_accuracy": 0.31000000000000005,
    "std_balanced_accuracy": 0.08602325267042626
  }
}