{
  "mean_accuracy": 0.35,
  "std_accuracy": 0.06123724356957945,
  "mean_balanced_accuracy": 0.35,
  "std_balanced_accuracy": 0.061237243569579436,
  "n_subjects": 1,
  "n_folds_total": 5
}