{
  "mean_accuracy": 0.30999999999999994,
  "std_accuracy": 0.11135528725660045,
  "mean_balanced_accuracy": 0.30999999999999994,
  "std_balanced_accuracy": 0.11135528725660045,
  "n_subjects": 1,
  "n_folds_total": 5
}