{
  "51": {
    "accuracies": [
      0.3,
      0.1,
      0.4,
      0.35,
      0.4
    ],
    "balanced_accuracies": [
      0.30000000000000004,
      0.1,
      0.4,
      0.35,
      0.4
    ],
    "mean_accuracy": 0.30999999999999994,
    "std_accuracy": 0.11135528725660045,
    "mean_balanced_accuracy": 0.30999999999999994,
    "std_balanced_accuracy": 0.11135528725660045
  }
}