{
  "51": {
    "accuracies": [
      0.35,
      0.35,
      0.35,
      0.4,
      0.3
    ],
    "balanced_accuracies": [
      0.35000000000000003,
      0.35,
      0.35,
      0.4,
      0.3
    ],
    "mean_accuracy": 0.35,
    "std_accuracy": 0.0316227766016838,
    "mean_balanced_accuracy": 0.35,
    "std_balanced_accuracy": 0.0316227766016838
  }
}