{
  "mean_accuracy": 0.47250000000000003,
  "std_accuracy": 0.18988483351758242,
  "mean_balanced_accuracy": 0.47250000000000003,
  "std_balanced_accuracy": 0.18988483351758245,
  "n_subjects": 2,
  "n_folds_total": 10
}