{
  "mean_accuracy": 0.36000000000000004,
  "std_accuracy": 0.06633249580710801,
  "mean_balanced_accuracy": 0.36000000000000004,
  "std_balanced_accuracy": 0.06633249580710802,
  "n_subjects": 1,
  "n_folds_total": 5
}