{
  "51": {
    "accuracies": [
      0.45,
      0.35,
      0.25,
      0.4,
      0.35
    ],
    "balanced_accuracies": [
      0.45000000000000007,
      0.35,
      0.25,
      0.4,
      0.35000000000000003
    ],
    "mean_accuracy": 0.36000000000000004,
    "std_accuracy": 0.06633249580710801,
    "mean_balanced_accuracy": 0.36000000000000004,
    "std_balanced_accuracy": 0.06633249580710802
  }
}