{
  "mean_accuracy": 0.6199999999999999,
  "std_accuracy": 0.16309506430300091,
  "mean_balanced_accuracy": 0.62,
  "std_balanced_accuracy": 0.16309506430300091,
  "n_subjects": 1,
  "n_folds_total": 5
}