{
  "54": {
    "accuracies": [
      0.65,
      0.3,
      0.7,
      0.7,
      0.75
    ],
    "balanced_accuracies": [
      0.65,
      0.3,
      0.7000000000000001,
      0.7000000000000001,
      0.75
    ],
    "mean_accuracy": 0.6199999999999999,
    "std_accuracy": 0.16309506430300091,
    "mean_balanced_accuracy": 0.62,
    "std_balanced_accuracy": 0.16309506430300091
  }
}