{
  "48": {
    "accuracies": [
      0.9106280193236715,
      0.9082125603864735,
      0.9009661835748792,
      0.9166666666666666,
      0.9112318840579711
    ],
    "balanced_accuracies": [
      0.8028985507246377,
      0.8217391304347825,
      0.7840579710144928,
      0.8253623188405796,
      0.8177536231884057
    ],
    "roc_aucs": [
      0.9420132325141777,
      0.94300304557866,
      0.9241414618777568,
      0.9494775257298886,
      0.9441162570888468
    ],
    "mean_accuracy": 0.9095410628019323,
    "std_accuracy": 0.005101138184044164,
    "mean_balanced_accuracy": 0.8103623188405796,
    "std_balanced_accuracy": 0.015209797967471446,
    "mean_roc_auc": 0.9405503045578658,
    "std_roc_auc": 0.008600203603734445
  },
  "49": {
    "accuracies": [
      0.907608695652174,
      0.9094202898550725,
      0.9003623188405797,
      0.9142512077294686,
      0.9070048309178744
    ],
    "balanced_accuracies": [
      0.8126811594202898,
      0.7963768115942029,
      0.7793478260869565,
      0.8050724637681159,
      0.7905797101449274
    ],
    "roc_aucs": [
      0.9225451585801302,
      0.9220253098088637,
      0.9123766015542953,
      0.9409026465028355,
      0.9239786809493804
    ],
    "mean_accuracy": 0.9077294685990338,
    "std_accuracy": 0.004476751930640238,
    "mean_balanced_accuracy": 0.7968115942028986,
    "std_balanced_accuracy": 0.0115247011050073,
    "mean_roc_auc": 0.9243656794791011,
    "std_roc_auc": 0.009232016705250343
  },
  "50": {
    "accuracies": [
      0.8900966183574879,
      0.8979468599033816,
      0.8894927536231884,
      0.8840579710144928,
      0.8774154589371981
    ],
    "balanced_accuracies": [
      0.7615942028985507,
      0.7749999999999999,
      0.7539855072463768,
      0.7333333333333334,
      0.7438405797101448
    ],
    "roc_aucs": [
      0.9033238815374922,
      0.9010003150598614,
      0.8987397605545052,
      0.8936174123083386,
      0.8956390464188195
    ],
    "mean_accuracy": 0.8878019323671499,
    "std_accuracy": 0.0068255416188138926,
    "mean_balanced_accuracy": 0.7535507246376811,
    "std_balanced_accuracy": 0.014338673702161967,
    "mean_roc_auc": 0.8984640831758034,
    "std_roc_auc": 0.003509904884151591
  },
  "51": {
    "accuracies": [
      0.857487922705314,
      0.8514492753623188,
      0.8538647342995169,
      0.8677536231884058,
      0.8502415458937198
    ],
    "balanced_accuracies": [
      0.6478260869565218,
      0.6471014492753623,
      0.6398550724637682,
      0.6481884057971015,
      0.6130434782608696
    ],
    "roc_aucs": [
      0.7875735139676537,
      0.8000315059861374,
      0.7827242176013443,
      0.8172101449275362,
      0.8031348456206678
    ],
    "mean_accuracy": 0.856159420289855,
    "std_accuracy": 0.006303376014830851,
    "mean_balanced_accuracy": 0.6392028985507248,
    "std_balanced_accuracy": 0.013432992392020279,
    "mean_roc_auc": 0.7981348456206678,
    "std_roc_auc": 0.012177795748192477
  },
  "52": {
    "accuracies": [
      0.9009661835748792,
      0.8991545893719807,
      0.8979468599033816,
      0.9106280193236715,
      0.9027777777777778
    ],
    "balanced_accuracies": [
      0.7855072463768116,
      0.7858695652173913,
      0.7605072463768117,
      0.8101449275362319,
      0.7880434782608696
    ],
    "roc_aucs": [
      0.9087980466288595,
      0.9165826507036338,
      0.913828502415459,
      0.9249081075404326,
      0.9221277042638101
    ],
    "mean_accuracy": 0.9022946859903381,
    "std_accuracy": 0.004476751930640271,
    "mean_balanced_accuracy": 0.7860144927536232,
    "std_balanced_accuracy": 0.015730814254775627,
    "mean_roc_auc": 0.9172490023104392,
    "std_roc_auc": 0.005762397445532765
  },
  "53": {
    "accuracies": [
      0.8774154589371981,
      0.8858695652173914,
      0.8846618357487923,
      0.8834541062801933,
      0.8786231884057971
    ],
    "balanced_accuracies": [
      0.7452898550724638,
      0.721376811594203,
      0.7481884057971014,
      0.7503623188405797,
      0.7329710144927536
    ],
    "roc_aucs": [
      0.8884294265910522,
      0.8841104809913883,
      0.89677063642092,
      0.8783475110270951,
      0.8891960722537282
    ],
    "mean_accuracy": 0.8820048309178743,
    "std_accuracy": 0.003364344994488933,
    "mean_balanced_accuracy": 0.7396376811594203,
    "std_balanced_accuracy": 0.010936028684007795,
    "mean_roc_auc": 0.8873708254568367,
    "std_roc_auc": 0.006080438433580089
  },
  "54": {
    "accuracies": [
      0.8774154589371981,
      0.8719806763285024,
      0.875,
      0.8822463768115942,
      0.8894927536231884
    ],
    "balanced_accuracies": [
      0.7365942028985507,
      0.7159420289855072,
      0.7496376811594203,
      0.7380434782608696,
      0.7641304347826088
    ],
    "roc_aucs": [
      0.8976107960512497,
      0.8733590632220122,
      0.8978260869565218,
      0.8852131905061962,
      0.8897579290065112
    ],
    "mean_accuracy": 0.8792270531400966,
    "std_accuracy": 0.006134504878840712,
    "mean_balanced_accuracy": 0.7408695652173913,
    "std_balanced_accuracy": 0.015909716924810472,
    "mean_roc_auc": 0.8887534131484982,
    "std_roc_auc": 0.009069673423425118
  }
}