{
  "mean_accuracy": 0.26,
  "std_accuracy": 0.10198039027185571,
  "mean_balanced_accuracy": 0.26,
  "std_balanced_accuracy": 0.1019803902718557,
  "n_subjects": 1,
  "n_folds_total": 5
}