{
  "51": {
    "accuracies": [
      0.3,
      0.4,
      0.2,
      0.25,
      0.35
    ],
    "balanced_accuracies": [
      0.30000000000000004,
      0.39999999999999997,
      0.2,
      0.25,
      0.35000000000000003
    ],
    "mean_accuracy": 0.3,
    "std_accuracy": 0.07071067811865475,
    "mean_balanced_accuracy": 0.3,
    "std_balanced_accuracy": 0.07071067811865475
  }
}