{
  "51": {
    "accuracies": [
      0.25,
      0.4,
      0.1,
      0.25,
      0.2
    ],
    "balanced_accuracies": [
      0.25,
      0.39999999999999997,
      0.1,
      0.25,
      0.2
    ],
    "mean_accuracy": 0.24,
    "std_accuracy": 0.09695359714832659,
    "mean_balanced_accuracy": 0.24,
    "std_balanced_accuracy": 0.09695359714832656
  }
}