{
  "mean_accuracy": 0.39,
  "std_accuracy": 0.24269322199023197,
  "mean_balanced_accuracy": 0.39,
  "std_balanced_accuracy": 0.24269322199023197,
  "n_subjects": 2,
  "n_folds_total": 10
}