run_id,subject_id,accuracies,balanced_accuracies,mean_accuracy,std_accuracy,mean_balanced_accuracy,std_balanced_accuracy
20260403_1229_3e53f962,51,"[0.375, 0.525, 0.375, 0.475, 0.45]","[0.375, 0.525, 0.375, 0.475, 0.45000000000000007]",0.44000000000000006,0.05830951894845301,0.44000000000000006,0.05830951894845301
20260403_1231_b72eb383,51,"[0.35, 0.55, 0.325, 0.5, 0.4]","[0.35000000000000003, 0.55, 0.32499999999999996, 0.5, 0.4]",0.425,0.08660254037844389,0.425,0.08660254037844389
20260403_1233_41b0160f,51,"[0.375, 0.525, 0.375, 0.475, 0.45]","[0.375, 0.525, 0.375, 0.475, 0.45000000000000007]",0.44000000000000006,0.05830951894845301,0.44000000000000006,0.05830951894845301
20260403_1235_49e9430f,51,"[0.35, 0.55, 0.325, 0.5, 0.4]","[0.35000000000000003, 0.55, 0.32499999999999996, 0.5, 0.4]",0.425,0.08660254037844389,0.425,0.08660254037844389
20260403_1236_c5f41544,51,"[0.375, 0.525, 0.375, 0.45, 0.45]","[0.375, 0.525, 0.375, 0.45, 0.45000000000000007]",0.43499999999999994,0.05612486080160913,0.43499999999999994,0.05612486080160913
20260403_1239_290fe45e,51,"[0.35, 0.5, 0.325, 0.55, 0.4]","[0.35000000000000003, 0.5, 0.32499999999999996, 0.55, 0.4]",0.425,0.08660254037844388,0.425,0.08660254037844389
20260403_1240_16ea3b37,51,"[0.375, 0.525, 0.375, 0.45, 0.45]","[0.375, 0.525, 0.375, 0.45, 0.45000000000000007]",0.43499999999999994,0.05612486080160913,0.43499999999999994,0.05612486080160913
20260403_1243_0b73bf7e,51,"[0.35, 0.5, 0.325, 0.55, 0.4]","[0.35000000000000003, 0.5, 0.32499999999999996, 0.55, 0.4]",0.425,0.08660254037844388,0.425,0.08660254037844389
