{
  "48": {
    "accuracies": [
      0.9179292929292929,
      0.922979797979798,
      0.9027777777777778,
      0.9305555555555556,
      0.8926767676767676
    ],
    "balanced_accuracies": [
      0.8356060606060607,
      0.8325757575757575,
      0.8022727272727272,
      0.8431818181818183,
      0.7628787878787879
    ],
    "mean_accuracy": 0.9133838383838382,
    "std_accuracy": 0.013775941108066545,
    "mean_balanced_accuracy": 0.8153030303030304,
    "std_balanced_accuracy": 0.02968459853638414
  },
  "49": {
    "accuracies": [
      0.9078282828282829,
      0.898989898989899,
      0.9318181818181818,
      0.9103535353535354,
      0.9141414141414141
    ],
    "balanced_accuracies": [
      0.8053030303030303,
      0.7848484848484849,
      0.8500000000000001,
      0.825,
      0.8151515151515152
    ],
    "mean_accuracy": 0.9126262626262627,
    "std_accuracy": 0.010814451063315052,
    "mean_balanced_accuracy": 0.8160606060606062,
    "std_balanced_accuracy": 0.021552464443762184
  },
  "50": {
    "accuracies": [
      0.8838383838383839,
      0.8914141414141414,
      0.8863636363636364,
      0.8977272727272727,
      0.88510101010101
    ],
    "balanced_accuracies": [
      0.7333333333333334,
      0.740909090909091,
      0.7318181818181818,
      0.7386363636363636,
      0.7401515151515151
    ],
    "mean_accuracy": 0.888888888888889,
    "std_accuracy": 0.005113246649322368,
    "mean_balanced_accuracy": 0.736969696969697,
    "std_balanced_accuracy": 0.0036927447293799783
  },
  "51": {
    "accuracies": [
      0.8497474747474747,
      0.8434343434343434,
      0.8484848484848485,
      0.8522727272727273,
      0.8547979797979798
    ],
    "balanced_accuracies": [
      0.5916666666666667,
      0.5909090909090909,
      0.6060606060606061,
      0.6022727272727273,
      0.6310606060606061
    ],
    "mean_accuracy": 0.8497474747474747,
    "std_accuracy": 0.003829735072753307,
    "mean_balanced_accuracy": 0.6043939393939393,
    "std_balanced_accuracy": 0.014575411071292416
  },
  "52": {
    "accuracies": [
      0.9065656565656566,
      0.9255050505050505,
      0.9179292929292929,
      0.8977272727272727,
      0.9116161616161617
    ],
    "balanced_accuracies": [
      0.7803030303030303,
      0.831060606060606,
      0.8053030303030303,
      0.768939393939394,
      0.8136363636363636
    ],
    "mean_accuracy": 0.9118686868686868,
    "std_accuracy": 0.009495755392405643,
    "mean_balanced_accuracy": 0.7998484848484848,
    "std_balanced_accuracy": 0.02250089274833315
  },
  "53": {
    "accuracies": [
      0.9002525252525253,
      0.9078282828282829,
      0.8964646464646465,
      0.9242424242424242,
      0.9217171717171717
    ],
    "balanced_accuracies": [
      0.7916666666666667,
      0.7871212121212121,
      0.7742424242424242,
      0.8181818181818181,
      0.8378787878787879
    ],
    "mean_accuracy": 0.9101010101010101,
    "std_accuracy": 0.0111626444976264,
    "mean_balanced_accuracy": 0.8018181818181818,
    "std_balanced_accuracy": 0.023011355842373044
  },
  "54": {
    "accuracies": [
      0.8952020202020202,
      0.8926767676767676,
      0.8926767676767676,
      0.8775252525252525,
      0.875
    ],
    "balanced_accuracies": [
      0.7795454545454545,
      0.7598484848484848,
      0.7628787878787879,
      0.7386363636363636,
      0.7340909090909091
    ],
    "mean_accuracy": 0.8866161616161616,
    "std_accuracy": 0.008541179053175635,
    "mean_balanced_accuracy": 0.7550000000000001,
    "std_balanced_accuracy": 0.01669144164111564
  }
}