{
  "51": {
    "accuracies": [
      0.45,
      0.4,
      0.3,
      0.5,
      0.3
    ],
    "balanced_accuracies": [
      0.45000000000000007,
      0.4,
      0.30000000000000004,
      0.5,
      0.3
    ],
    "mean_accuracy": 0.39,
    "std_accuracy": 0.08,
    "mean_balanced_accuracy": 0.39,
    "std_balanced_accuracy": 0.08
  }
}