{
  "mean_accuracy": 0.35,
  "std_accuracy": 0.10488088481701517,
  "mean_balanced_accuracy": 0.35000000000000003,
  "std_balanced_accuracy": 0.10488088481701517,
  "n_subjects": 1,
  "n_folds_total": 5
}