{
  "51": {
    "accuracies": [
      0.3,
      0.25,
      0.35,
      0.3,
      0.55
    ],
    "balanced_accuracies": [
      0.30000000000000004,
      0.25,
      0.35000000000000003,
      0.30000000000000004,
      0.55
    ],
    "mean_accuracy": 0.35,
    "std_accuracy": 0.10488088481701517,
    "mean_balanced_accuracy": 0.35000000000000003,
    "std_balanced_accuracy": 0.10488088481701517
  }
}