{
  "48": {
    "accuracies": [
      0.9535024154589372,
      0.9559178743961353,
      0.9607487922705314,
      0.9619565217391305,
      0.9655797101449275
    ],
    "balanced_accuracies": [
      0.9141304347826087,
      0.9199275362318841,
      0.9257246376811594,
      0.925,
      0.9387681159420289
    ],
    "roc_aucs": [
      0.9698540222642302,
      0.982003518168452,
      0.9797219596723378,
      0.9768811699222852,
      0.9802562486872507
    ],
    "mean_accuracy": 0.9595410628019323,
    "std_accuracy": 0.004320904304347408,
    "mean_balanced_accuracy": 0.9247101449275362,
    "std_balanced_accuracy": 0.00816753785716251,
    "mean_roc_auc": 0.9777433837429111,
    "std_roc_auc": 0.004274656371556618
  },
  "49": {
    "accuracies": [
      0.9625603864734299,
      0.9607487922705314,
      0.9559178743961353,
      0.9710144927536232,
      0.9571256038647343
    ],
    "balanced_accuracies": [
      0.9166666666666667,
      0.9242753623188406,
      0.9213768115942029,
      0.9492753623188406,
      0.9264492753623188
    ],
    "roc_aucs": [
      0.9818236714975846,
      0.975393824826717,
      0.9772474270111322,
      0.9826717076244487,
      0.9709475425330814
    ],
    "mean_accuracy": 0.9614734299516907,
    "std_accuracy": 0.005338656064082188,
    "mean_balanced_accuracy": 0.927608695652174,
    "std_balanced_accuracy": 0.011317810638067376,
    "mean_roc_auc": 0.9776168346985928,
    "std_roc_auc": 0.004308292215457704
  },
  "50": {
    "accuracies": [
      0.9341787439613527,
      0.9359903381642513,
      0.9251207729468599,
      0.9245169082125604,
      0.9371980676328503
    ],
    "balanced_accuracies": [
      0.866304347826087,
      0.8688405797101448,
      0.8652173913043478,
      0.8619565217391304,
      0.881159420289855
    ],
    "roc_aucs": [
      0.957608695652174,
      0.9476803717706364,
      0.9393890464188196,
      0.9456836798991809,
      0.9529103654694393
    ],
    "mean_accuracy": 0.9314009661835749,
    "std_accuracy": 0.005462890279178112,
    "mean_balanced_accuracy": 0.8686956521739131,
    "std_balanced_accuracy": 0.006612095489577036,
    "mean_roc_auc": 0.9486544318420499,
    "std_roc_auc": 0.006227573180490658
  },
  "51": {
    "accuracies": [
      0.9251207729468599,
      0.9142512077294686,
      0.9281400966183575,
      0.9233091787439613,
      0.9257246376811594
    ],
    "balanced_accuracies": [
      0.8492753623188406,
      0.8557971014492753,
      0.8554347826086957,
      0.8583333333333334,
      0.8496376811594203
    ],
    "roc_aucs": [
      0.9326493908842681,
      0.9436003465658473,
      0.9285772421760135,
      0.9376115837009031,
      0.9454539487502626
    ],
    "mean_accuracy": 0.9233091787439613,
    "std_accuracy": 0.004785413709217159,
    "mean_balanced_accuracy": 0.853695652173913,
    "std_balanced_accuracy": 0.003604298584187223,
    "mean_roc_auc": 0.937578502415459,
    "std_roc_auc": 0.006381303670889296
  },
  "52": {
    "accuracies": [
      0.9528985507246377,
      0.9631642512077294,
      0.9655797101449275,
      0.9535024154589372,
      0.9553140096618358
    ],
    "balanced_accuracies": [
      0.9065217391304348,
      0.9213768115942029,
      0.9358695652173913,
      0.9097826086956522,
      0.9210144927536232
    ],
    "roc_aucs": [
      0.9637195442134004,
      0.9749002310438983,
      0.9820179584120984,
      0.9722537282083596,
      0.9758966078554925
    ],
    "mean_accuracy": 0.9580917874396135,
    "std_accuracy": 0.005244939794832933,
    "mean_balanced_accuracy": 0.9189130434782609,
    "std_balanced_accuracy": 0.010343298648260916,
    "mean_roc_auc": 0.97375761394665,
    "std_roc_auc": 0.005952120222983857
  },
  "53": {
    "accuracies": [
      0.9571256038647343,
      0.9541062801932367,
      0.9553140096618358,
      0.9516908212560387,
      0.9685990338164251
    ],
    "balanced_accuracies": [
      0.9206521739130434,
      0.9144927536231884,
      0.9282608695652174,
      0.9014492753623189,
      0.9347826086956522
    ],
    "roc_aucs": [
      0.9797810333963451,
      0.9695901596303297,
      0.9762261079605123,
      0.9719242281033398,
      0.988384793110691
    ],
    "mean_accuracy": 0.9573671497584542,
    "std_accuracy": 0.005886984351185462,
    "mean_balanced_accuracy": 0.9199275362318842,
    "std_balanced_accuracy": 0.011503266569846038,
    "mean_roc_auc": 0.9771812644402436,
    "std_roc_auc": 0.006609863545914473
  },
  "54": {
    "accuracies": [
      0.9299516908212561,
      0.9154589371980676,
      0.928743961352657,
      0.927536231884058,
      0.927536231884058
    ],
    "balanced_accuracies": [
      0.8681159420289855,
      0.8391304347826087,
      0.8615942028985508,
      0.8652173913043478,
      0.8666666666666667
    ],
    "roc_aucs": [
      0.9512037912203319,
      0.9318879962192819,
      0.9455090842260028,
      0.9514781558496115,
      0.954870300357068
    ],
    "mean_accuracy": 0.9258454106280194,
    "std_accuracy": 0.005269909234123557,
    "mean_balanced_accuracy": 0.8601449275362321,
    "std_balanced_accuracy": 0.010728553926563314,
    "mean_roc_auc": 0.9469898655744592,
    "std_roc_auc": 0.008127266978864442
  }
}