{
  "51": {
    "accuracies": [
      0.5,
      0.15,
      0.25,
      0.25,
      0.3
    ],
    "balanced_accuracies": [
      0.5,
      0.15000000000000002,
      0.25,
      0.25,
      0.3
    ],
    "mean_accuracy": 0.29,
    "std_accuracy": 0.11575836902790228,
    "mean_balanced_accuracy": 0.29,
    "std_balanced_accuracy": 0.11575836902790225
  }
}