{
  "mean_accuracy": 0.615,
  "std_accuracy": 0.05147815070493501,
  "mean_balanced_accuracy": 0.615,
  "std_balanced_accuracy": 0.051478150704934965,
  "n_subjects": 1,
  "n_folds_total": 5
}