{
  "51": {
    "accuracies": [
      0.625,
      0.65,
      0.675,
      0.525,
      0.6
    ],
    "balanced_accuracies": [
      0.625,
      0.6499999999999999,
      0.6749999999999999,
      0.525,
      0.6
    ],
    "mean_accuracy": 0.615,
    "std_accuracy": 0.05147815070493501,
    "mean_balanced_accuracy": 0.615,
    "std_balanced_accuracy": 0.051478150704934965
  }
}