{
  "51": {
    "accuracies": [
      0.45,
      0.25,
      0.1,
      0.2,
      0.35
    ],
    "balanced_accuracies": [
      0.45,
      0.25,
      0.1,
      0.2,
      0.35
    ],
    "mean_accuracy": 0.27,
    "std_accuracy": 0.12083045973594571,
    "mean_balanced_accuracy": 0.27,
    "std_balanced_accuracy": 0.12083045973594571
  }
}