{
  "mean_accuracy": 0.3,
  "std_accuracy": 0.04472135954999579,
  "mean_balanced_accuracy": 0.30000000000000004,
  "std_balanced_accuracy": 0.0447213595499958,
  "n_subjects": 1,
  "n_folds_total": 5
}