{
  "51": {
    "accuracies": [
      0.25,
      0.25,
      0.35,
      0.35,
      0.3
    ],
    "balanced_accuracies": [
      0.25,
      0.25,
      0.35000000000000003,
      0.35,
      0.30000000000000004
    ],
    "mean_accuracy": 0.3,
    "std_accuracy": 0.04472135954999579,
    "mean_balanced_accuracy": 0.30000000000000004,
    "std_balanced_accuracy": 0.0447213595499958
  }
}