{
  "mean_accuracy": 0.26,
  "std_accuracy": 0.09695359714832658,
  "mean_balanced_accuracy": 0.26,
  "std_balanced_accuracy": 0.09695359714832658,
  "n_subjects": 1,
  "n_folds_total": 5
}