{
  "51": {
    "accuracies": [
      0.1,
      0.3,
      0.25,
      0.25,
      0.4
    ],
    "balanced_accuracies": [
      0.1,
      0.3,
      0.25,
      0.25,
      0.4
    ],
    "mean_accuracy": 0.26,
    "std_accuracy": 0.09695359714832658,
    "mean_balanced_accuracy": 0.26,
    "std_balanced_accuracy": 0.09695359714832658
  }
}