{
  "mean_accuracy": 0.26,
  "std_accuracy": 0.07999999999999999,
  "mean_balanced_accuracy": 0.26,
  "std_balanced_accuracy": 0.07999999999999999,
  "n_subjects": 1,
  "n_folds_total": 5
}