{
  "51": {
    "accuracies": [
      0.35,
      0.2,
      0.15,
      0.25,
      0.35
    ],
    "balanced_accuracies": [
      0.35,
      0.2,
      0.15,
      0.25,
      0.35
    ],
    "mean_accuracy": 0.26,
    "std_accuracy": 0.07999999999999999,
    "mean_balanced_accuracy": 0.26,
    "std_balanced_accuracy": 0.07999999999999999
  }
}