{
  "mean_accuracy": 0.28,
  "std_accuracy": 0.08124038404635961,
  "mean_balanced_accuracy": 0.28,
  "std_balanced_accuracy": 0.08124038404635961,
  "n_subjects": 1,
  "n_folds_total": 5
}