{
  "51": {
    "accuracies": [
      0.35,
      0.5,
      0.15,
      0.3,
      0.4
    ],
    "balanced_accuracies": [
      0.35000000000000003,
      0.5,
      0.15000000000000002,
      0.3,
      0.4
    ],
    "mean_accuracy": 0.34,
    "std_accuracy": 0.11575836902790228,
    "mean_balanced_accuracy": 0.34,
    "std_balanced_accuracy": 0.11575836902790225
  }
}