{
  "51": {
    "accuracies": [
      0.2,
      0.25,
      0.35,
      0.25,
      0.25
    ],
    "balanced_accuracies": [
      0.2,
      0.25,
      0.35,
      0.25,
      0.25
    ],
    "mean_accuracy": 0.26,
    "std_accuracy": 0.04898979485566354,
    "mean_balanced_accuracy": 0.26,
    "std_balanced_accuracy": 0.04898979485566354
  }
}