{
  "51": {
    "accuracies": [
      0.35,
      0.2,
      0.3,
      0.35,
      0.3
    ],
    "balanced_accuracies": [
      0.35000000000000003,
      0.2,
      0.3,
      0.35000000000000003,
      0.3
    ],
    "mean_accuracy": 0.30000000000000004,
    "std_accuracy": 0.0547722557505166,
    "mean_balanced_accuracy": 0.30000000000000004,
    "std_balanced_accuracy": 0.05477225575051662
  }
}