{
  "51": {
    "accuracies": [
      0.4,
      0.4,
      0.2,
      0.3,
      0.35
    ],
    "balanced_accuracies": [
      0.4,
      0.4,
      0.2,
      0.3,
      0.35000000000000003
    ],
    "mean_accuracy": 0.32999999999999996,
    "std_accuracy": 0.07483314773547883,
    "mean_balanced_accuracy": 0.33,
    "std_balanced_accuracy": 0.07483314773547883
  }
}