{
  "51": {
    "accuracies": [
      0.25,
      0.2,
      0.2,
      0.15,
      0.35
    ],
    "balanced_accuracies": [
      0.25,
      0.2,
      0.2,
      0.15000000000000002,
      0.35000000000000003
    ],
    "mean_accuracy": 0.22999999999999998,
    "std_accuracy": 0.06782329983125267,
    "mean_balanced_accuracy": 0.23000000000000004,
    "std_balanced_accuracy": 0.0678232998312527
  }
}