{
  "51": {
    "accuracies": [
      0.3,
      0.25,
      0.25,
      0.3,
      0.15
    ],
    "balanced_accuracies": [
      0.30000000000000004,
      0.25,
      0.25,
      0.3,
      0.15000000000000002
    ],
    "mean_accuracy": 0.25,
    "std_accuracy": 0.05477225575051661,
    "mean_balanced_accuracy": 0.25,
    "std_balanced_accuracy": 0.054772255750516606
  }
}