{
  "51": {
    "accuracies": [
      0.25,
      0.35,
      0.25,
      0.5,
      0.2
    ],
    "balanced_accuracies": [
      0.25,
      0.35,
      0.25,
      0.5,
      0.2
    ],
    "mean_accuracy": 0.31,
    "std_accuracy": 0.1067707825203131,
    "mean_balanced_accuracy": 0.31,
    "std_balanced_accuracy": 0.1067707825203131
  }
}