{
  "51": {
    "accuracies": [
      0.35,
      0.25,
      0.25,
      0.2,
      0.4
    ],
    "balanced_accuracies": [
      0.35,
      0.25,
      0.25,
      0.2,
      0.4
    ],
    "mean_accuracy": 0.29000000000000004,
    "std_accuracy": 0.07348469228349534,
    "mean_balanced_accuracy": 0.29000000000000004,
    "std_balanced_accuracy": 0.07348469228349534
  }
}