{
  "51": {
    "accuracies": [
      0.15,
      0.3,
      0.3,
      0.3,
      0.3
    ],
    "balanced_accuracies": [
      0.15000000000000002,
      0.30000000000000004,
      0.30000000000000004,
      0.3,
      0.3
    ],
    "mean_accuracy": 0.27,
    "std_accuracy": 0.06,
    "mean_balanced_accuracy": 0.27,
    "std_balanced_accuracy": 0.06
  }
}