{
  "mean_accuracy": 0.29999999999999993,
  "std_accuracy": 0.07071067811865475,
  "mean_balanced_accuracy": 0.29999999999999993,
  "std_balanced_accuracy": 0.07071067811865474,
  "n_subjects": 1,
  "n_folds_total": 5
}