{
  "51": {
    "accuracies": [
      0.25,
      0.35,
      0.3,
      0.4,
      0.2
    ],
    "balanced_accuracies": [
      0.25,
      0.35,
      0.3,
      0.39999999999999997,
      0.2
    ],
    "mean_accuracy": 0.29999999999999993,
    "std_accuracy": 0.07071067811865475,
    "mean_balanced_accuracy": 0.29999999999999993,
    "std_balanced_accuracy": 0.07071067811865474
  }
}