{
  "51": {
    "accuracies": [
      0.15,
      0.35,
      0.4,
      0.25,
      0.2
    ],
    "balanced_accuracies": [
      0.15000000000000002,
      0.35000000000000003,
      0.4,
      0.25,
      0.2
    ],
    "mean_accuracy": 0.26999999999999996,
    "std_accuracy": 0.09273618495495704,
    "mean_balanced_accuracy": 0.26999999999999996,
    "std_balanced_accuracy": 0.09273618495495704
  }
}