{
  "54": {
    "accuracies": [
      0.25,
      0.45,
      0.35,
      0.55,
      0.2
    ],
    "balanced_accuracies": [
      0.25,
      0.45000000000000007,
      0.35000000000000003,
      0.55,
      0.2
    ],
    "mean_accuracy": 0.36,
    "std_accuracy": 0.128062484748657,
    "mean_balanced_accuracy": 0.36,
    "std_balanced_accuracy": 0.128062484748657
  }
}