{
  "51": {
    "accuracies": [
      0.4,
      0.25,
      0.3,
      0.1,
      0.35
    ],
    "balanced_accuracies": [
      0.4,
      0.25,
      0.3,
      0.1,
      0.35
    ],
    "mean_accuracy": 0.27999999999999997,
    "std_accuracy": 0.10295630140987,
    "mean_balanced_accuracy": 0.27999999999999997,
    "std_balanced_accuracy": 0.10295630140987
  }
}