{
  "51": {
    "accuracies": [
      0.45,
      0.35,
      0.15,
      0.25,
      0.4
    ],
    "balanced_accuracies": [
      0.44999999999999996,
      0.35,
      0.15000000000000002,
      0.25,
      0.39999999999999997
    ],
    "mean_accuracy": 0.32,
    "std_accuracy": 0.1077032961426901,
    "mean_balanced_accuracy": 0.31999999999999995,
    "std_balanced_accuracy": 0.10770329614269006
  }
}