{
  "mean_accuracy": 0.30999999999999994,
  "std_accuracy": 0.04898979485566355,
  "mean_balanced_accuracy": 0.31000000000000005,
  "std_balanced_accuracy": 0.04898979485566357,
  "n_subjects": 1,
  "n_folds_total": 5
}