{
  "51": {
    "accuracies": [
      0.25,
      0.35,
      0.35,
      0.25,
      0.35
    ],
    "balanced_accuracies": [
      0.25,
      0.35000000000000003,
      0.35,
      0.25,
      0.35000000000000003
    ],
    "mean_accuracy": 0.30999999999999994,
    "std_accuracy": 0.04898979485566355,
    "mean_balanced_accuracy": 0.31000000000000005,
    "std_balanced_accuracy": 0.04898979485566357
  }
}