{
  "51": {
    "accuracies": [
      0.25,
      0.3,
      0.3,
      0.35,
      0.25
    ],
    "balanced_accuracies": [
      0.25,
      0.3,
      0.3,
      0.35,
      0.25
    ],
    "mean_accuracy": 0.29000000000000004,
    "std_accuracy": 0.0374165738677394,
    "mean_balanced_accuracy": 0.29000000000000004,
    "std_balanced_accuracy": 0.0374165738677394
  }
}