{
  "51": {
    "accuracies": [
      0.2,
      0.3,
      0.2,
      0.2,
      0.35
    ],
    "balanced_accuracies": [
      0.2,
      0.30000000000000004,
      0.2,
      0.2,
      0.35000000000000003
    ],
    "mean_accuracy": 0.25,
    "std_accuracy": 0.06324555320336757,
    "mean_balanced_accuracy": 0.25,
    "std_balanced_accuracy": 0.0632455532033676
  }
}