{
  "51": {
    "accuracies": [
      0.4,
      0.4,
      0.25,
      0.25,
      0.25
    ],
    "balanced_accuracies": [
      0.4,
      0.4,
      0.25,
      0.25,
      0.25
    ],
    "mean_accuracy": 0.31,
    "std_accuracy": 0.07348469228349536,
    "mean_balanced_accuracy": 0.31,
    "std_balanced_accuracy": 0.07348469228349536
  }
}