{
  "mean_accuracy": 0.2899999999999999,
  "std_accuracy": 0.07348469228349534,
  "mean_balanced_accuracy": 0.29000000000000004,
  "std_balanced_accuracy": 0.07348469228349536,
  "n_subjects": 1,
  "n_folds_total": 5
}