{
  "48": {
    "accuracies": [
      0.7,
      0.65,
      0.725,
      0.825,
      0.725
    ],
    "balanced_accuracies": [
      0.7000000000000001,
      0.6499999999999999,
      0.7250000000000001,
      0.825,
      0.725
    ],
    "mean_accuracy": 0.7250000000000001,
    "std_accuracy": 0.05700877125495688,
    "mean_balanced_accuracy": 0.7250000000000001,
    "std_balanced_accuracy": 0.0570087712549569
  },
  "49": {
    "accuracies": [
      0.6,
      0.575,
      0.65,
      0.5,
      0.425
    ],
    "balanced_accuracies": [
      0.6,
      0.575,
      0.65,
      0.5,
      0.42500000000000004
    ],
    "mean_accuracy": 0.5499999999999999,
    "std_accuracy": 0.07905694150420949,
    "mean_balanced_accuracy": 0.55,
    "std_balanced_accuracy": 0.07905694150420946
  },
  "50": {
    "accuracies": [
      0.9,
      0.775,
      0.8,
      0.75,
      0.75
    ],
    "balanced_accuracies": [
      0.9,
      0.7750000000000001,
      0.8,
      0.75,
      0.75
    ],
    "mean_accuracy": 0.795,
    "std_accuracy": 0.05567764362830023,
    "mean_balanced_accuracy": 0.7950000000000002,
    "std_balanced_accuracy": 0.055677643628300216
  },
  "51": {
    "accuracies": [
      0.225,
      0.375,
      0.275,
      0.25,
      0.4
    ],
    "balanced_accuracies": [
      0.22499999999999998,
      0.375,
      0.275,
      0.25,
      0.4
    ],
    "mean_accuracy": 0.305,
    "std_accuracy": 0.0696419413859206,
    "mean_balanced_accuracy": 0.305,
    "std_balanced_accuracy": 0.06964194138592061
  },
  "52": {
    "accuracies": [
      0.375,
      0.525,
      0.525,
      0.275,
      0.425
    ],
    "balanced_accuracies": [
      0.375,
      0.525,
      0.525,
      0.275,
      0.425
    ],
    "mean_accuracy": 0.425,
    "std_accuracy": 0.09486832980505137,
    "mean_balanced_accuracy": 0.425,
    "std_balanced_accuracy": 0.09486832980505137
  },
  "53": {
    "accuracies": [
      0.6,
      0.55,
      0.75,
      0.725,
      0.65
    ],
    "balanced_accuracies": [
      0.6,
      0.55,
      0.75,
      0.725,
      0.6499999999999999
    ],
    "mean_accuracy": 0.655,
    "std_accuracy": 0.07483314773547882,
    "mean_balanced_accuracy": 0.655,
    "std_balanced_accuracy": 0.07483314773547882
  },
  "54": {
    "accuracies": [
      0.275,
      0.325,
      0.325,
      0.325,
      0.25
    ],
    "balanced_accuracies": [
      0.275,
      0.325,
      0.325,
      0.325,
      0.25
    ],
    "mean_accuracy": 0.3,
    "std_accuracy": 0.03162277660168379,
    "mean_balanced_accuracy": 0.3,
    "std_balanced_accuracy": 0.03162277660168379
  }
}