{
  "mean_accuracy": 0.21000000000000002,
  "std_accuracy": 0.03741657386773942,
  "mean_balanced_accuracy": 0.21000000000000002,
  "std_balanced_accuracy": 0.03741657386773941,
  "n_subjects": 1,
  "n_folds_total": 5
}