{
  "51": {
    "accuracies": [
      0.25,
      0.25,
      0.15,
      0.2,
      0.2
    ],
    "balanced_accuracies": [
      0.25,
      0.25,
      0.15000000000000002,
      0.2,
      0.2
    ],
    "mean_accuracy": 0.21000000000000002,
    "std_accuracy": 0.03741657386773942,
    "mean_balanced_accuracy": 0.21000000000000002,
    "std_balanced_accuracy": 0.03741657386773941
  }
}