{
  "51": {
    "accuracies": [
      0.675,
      0.375,
      0.3,
      0.575,
      0.45
    ],
    "balanced_accuracies": [
      0.675,
      0.375,
      0.3,
      0.575,
      0.44999999999999996
    ],
    "mean_accuracy": 0.475,
    "std_accuracy": 0.13509256086106297,
    "mean_balanced_accuracy": 0.475,
    "std_balanced_accuracy": 0.13509256086106297
  }
}