{
  "51": {
    "accuracies": [
      0.35,
      0.15,
      0.3,
      0.45,
      0.35
    ],
    "balanced_accuracies": [
      0.35,
      0.15000000000000002,
      0.30000000000000004,
      0.45,
      0.35
    ],
    "mean_accuracy": 0.32,
    "std_accuracy": 0.09797958971132713,
    "mean_balanced_accuracy": 0.32,
    "std_balanced_accuracy": 0.09797958971132711
  }
}