{
  "mean_accuracy": 0.9199999999999999,
  "std_accuracy": 0.12447030626963662,
  "mean_balanced_accuracy": 0.9199999999999999,
  "std_balanced_accuracy": 0.12447030626963662,
  "n_subjects": 7,
  "n_folds_total": 35
}