{
  "48": {
    "accuracies": [
      0.95,
      1.0,
      1.0,
      1.0,
      1.0
    ],
    "balanced_accuracies": [
      0.95,
      1.0,
      1.0,
      1.0,
      1.0
    ],
    "mean_accuracy": 0.99,
    "std_accuracy": 0.020000000000000018,
    "mean_balanced_accuracy": 0.99,
    "std_balanced_accuracy": 0.020000000000000018
  },
  "49": {
    "accuracies": [
      1.0,
      0.975,
      0.975,
      0.95,
      0.975
    ],
    "balanced_accuracies": [
      1.0,
      0.975,
      0.975,
      0.95,
      0.975
    ],
    "mean_accuracy": 0.975,
    "std_accuracy": 0.01581138830084191,
    "mean_balanced_accuracy": 0.975,
    "std_balanced_accuracy": 0.01581138830084191
  },
  "50": {
    "accuracies": [
      1.0,
      1.0,
      0.975,
      0.975,
      1.0
    ],
    "balanced_accuracies": [
      1.0,
      1.0,
      0.975,
      0.975,
      1.0
    ],
    "mean_accuracy": 0.99,
    "std_accuracy": 0.012247448713915901,
    "mean_balanced_accuracy": 0.99,
    "std_balanced_accuracy": 0.012247448713915901
  },
  "51": {
    "accuracies": [
      0.725,
      0.675,
      0.725,
      0.675,
      0.475
    ],
    "balanced_accuracies": [
      0.725,
      0.675,
      0.725,
      0.6749999999999999,
      0.475
    ],
    "mean_accuracy": 0.655,
    "std_accuracy": 0.09273618495495704,
    "mean_balanced_accuracy": 0.655,
    "std_balanced_accuracy": 0.09273618495495704
  },
  "52": {
    "accuracies": [
      1.0,
      0.95,
      0.975,
      0.975,
      0.975
    ],
    "balanced_accuracies": [
      1.0,
      0.95,
      0.975,
      0.975,
      0.975
    ],
    "mean_accuracy": 0.975,
    "std_accuracy": 0.01581138830084191,
    "mean_balanced_accuracy": 0.975,
    "std_balanced_accuracy": 0.01581138830084191
  },
  "53": {
    "accuracies": [
      1.0,
      1.0,
      1.0,
      1.0,
      1.0
    ],
    "balanced_accuracies": [
      1.0,
      1.0,
      1.0,
      1.0,
      1.0
    ],
    "mean_accuracy": 1.0,
    "std_accuracy": 0.0,
    "mean_balanced_accuracy": 1.0,
    "std_balanced_accuracy": 0.0
  },
  "54": {
    "accuracies": [
      0.9,
      0.85,
      0.9,
      0.775,
      0.85
    ],
    "balanced_accuracies": [
      0.9,
      0.8500000000000001,
      0.9,
      0.7749999999999999,
      0.85
    ],
    "mean_accuracy": 0.8549999999999999,
    "std_accuracy": 0.045825756949558406,
    "mean_balanced_accuracy": 0.8549999999999999,
    "std_balanced_accuracy": 0.04582575694955844
  }
}