{
  "mean_accuracy": 0.735,
  "std_accuracy": 0.05830951894845298,
  "mean_balanced_accuracy": 0.7350000000000001,
  "std_balanced_accuracy": 0.05830951894845301,
  "n_subjects": 1,
  "n_folds_total": 5
}