{
  "54": {
    "accuracies": [
      0.675,
      0.675,
      0.825,
      0.725,
      0.775
    ],
    "balanced_accuracies": [
      0.675,
      0.675,
      0.8250000000000001,
      0.7250000000000001,
      0.775
    ],
    "mean_accuracy": 0.735,
    "std_accuracy": 0.05830951894845298,
    "mean_balanced_accuracy": 0.7350000000000001,
    "std_balanced_accuracy": 0.05830951894845301
  }
}