{
  "51": {
    "accuracies": [
      0.2,
      0.2,
      0.25,
      0.4,
      0.1
    ],
    "balanced_accuracies": [
      0.2,
      0.2,
      0.25,
      0.4,
      0.1
    ],
    "mean_accuracy": 0.23000000000000004,
    "std_accuracy": 0.09797958971132713,
    "mean_balanced_accuracy": 0.23000000000000004,
    "std_balanced_accuracy": 0.09797958971132713
  }
}