{
  "51": {
    "accuracies": [
      0.3,
      0.2,
      0.25,
      0.45,
      0.25
    ],
    "balanced_accuracies": [
      0.3,
      0.2,
      0.25,
      0.45000000000000007,
      0.25
    ],
    "mean_accuracy": 0.29,
    "std_accuracy": 0.08602325267042626,
    "mean_balanced_accuracy": 0.29000000000000004,
    "std_balanced_accuracy": 0.08602325267042629
  }
}