{
  "mean_accuracy": 0.34,
  "std_accuracy": 0.14628738838327796,
  "mean_balanced_accuracy": 0.34,
  "std_balanced_accuracy": 0.14628738838327793,
  "n_subjects": 1,
  "n_folds_total": 5
}