{
  "mean_accuracy": 0.8964285714285715,
  "std_accuracy": 0.16258435800958146,
  "mean_balanced_accuracy": 0.8964285714285715,
  "std_balanced_accuracy": 0.16258435800958146,
  "n_subjects": 7,
  "n_folds_total": 35
}