{
  "48": {
    "accuracies": [
      0.95,
      1.0,
      1.0,
      1.0,
      1.0
    ],
    "balanced_accuracies": [
      0.95,
      1.0,
      1.0,
      1.0,
      1.0
    ],
    "mean_accuracy": 0.99,
    "std_accuracy": 0.020000000000000018,
    "mean_balanced_accuracy": 0.99,
    "std_balanced_accuracy": 0.020000000000000018
  },
  "49": {
    "accuracies": [
      0.975,
      0.975,
      0.975,
      0.95,
      0.975
    ],
    "balanced_accuracies": [
      0.975,
      0.975,
      0.975,
      0.95,
      0.975
    ],
    "mean_accuracy": 0.97,
    "std_accuracy": 0.010000000000000009,
    "mean_balanced_accuracy": 0.97,
    "std_balanced_accuracy": 0.010000000000000009
  },
  "50": {
    "accuracies": [
      1.0,
      1.0,
      1.0,
      0.975,
      1.0
    ],
    "balanced_accuracies": [
      1.0,
      1.0,
      1.0,
      0.975,
      1.0
    ],
    "mean_accuracy": 0.9949999999999999,
    "std_accuracy": 0.010000000000000009,
    "mean_balanced_accuracy": 0.9949999999999999,
    "std_balanced_accuracy": 0.010000000000000009
  },
  "51": {
    "accuracies": [
      0.7,
      0.525,
      0.7,
      0.55,
      0.325
    ],
    "balanced_accuracies": [
      0.7,
      0.525,
      0.7,
      0.55,
      0.325
    ],
    "mean_accuracy": 0.56,
    "std_accuracy": 0.13838352503098045,
    "mean_balanced_accuracy": 0.56,
    "std_balanced_accuracy": 0.13838352503098045
  },
  "52": {
    "accuracies": [
      1.0,
      0.95,
      0.925,
      0.975,
      0.975
    ],
    "balanced_accuracies": [
      1.0,
      0.95,
      0.925,
      0.975,
      0.975
    ],
    "mean_accuracy": 0.9650000000000001,
    "std_accuracy": 0.025495097567963913,
    "mean_balanced_accuracy": 0.9650000000000001,
    "std_balanced_accuracy": 0.025495097567963913
  },
  "53": {
    "accuracies": [
      1.0,
      1.0,
      1.0,
      1.0,
      1.0
    ],
    "balanced_accuracies": [
      1.0,
      1.0,
      1.0,
      1.0,
      1.0
    ],
    "mean_accuracy": 1.0,
    "std_accuracy": 0.0,
    "mean_balanced_accuracy": 1.0,
    "std_balanced_accuracy": 0.0
  },
  "54": {
    "accuracies": [
      0.725,
      0.825,
      0.85,
      0.775,
      0.8
    ],
    "balanced_accuracies": [
      0.725,
      0.825,
      0.85,
      0.775,
      0.7999999999999999
    ],
    "mean_accuracy": 0.7949999999999999,
    "std_accuracy": 0.043011626335213125,
    "mean_balanced_accuracy": 0.7949999999999999,
    "std_balanced_accuracy": 0.043011626335213125
  }
}