{
  "mean_accuracy": 0.30999999999999994,
  "std_accuracy": 0.0374165738677394,
  "mean_balanced_accuracy": 0.31,
  "std_balanced_accuracy": 0.037416573867739396,
  "n_subjects": 1,
  "n_folds_total": 5
}