{
  "51": {
    "accuracies": [
      0.35,
      0.3,
      0.3,
      0.35,
      0.25
    ],
    "balanced_accuracies": [
      0.35,
      0.30000000000000004,
      0.30000000000000004,
      0.35,
      0.25
    ],
    "mean_accuracy": 0.30999999999999994,
    "std_accuracy": 0.0374165738677394,
    "mean_balanced_accuracy": 0.31,
    "std_balanced_accuracy": 0.037416573867739396
  }
}