{
  "mean_accuracy": 0.34500000000000003,
  "std_accuracy": 0.07648529270389177,
  "mean_balanced_accuracy": 0.34500000000000003,
  "std_balanced_accuracy": 0.07648529270389177,
  "n_subjects": 1,
  "n_folds_total": 5
}