{
  "54": {
    "accuracies": [
      0.75,
      0.25,
      0.8,
      0.85,
      0.65
    ],
    "balanced_accuracies": [
      0.75,
      0.25,
      0.8,
      0.8500000000000001,
      0.65
    ],
    "mean_accuracy": 0.6599999999999999,
    "std_accuracy": 0.21540659228538017,
    "mean_balanced_accuracy": 0.66,
    "std_balanced_accuracy": 0.2154065922853802
  }
}