{
  "mean_accuracy": 0.33999999999999997,
  "std_accuracy": 0.09300537618869138,
  "mean_balanced_accuracy": 0.33999999999999997,
  "std_balanced_accuracy": 0.09300537618869138,
  "n_subjects": 1,
  "n_folds_total": 5
}