{
  "51": {
    "accuracies": [
      0.325,
      0.25,
      0.375,
      0.25,
      0.5
    ],
    "balanced_accuracies": [
      0.325,
      0.25,
      0.375,
      0.25,
      0.5
    ],
    "mean_accuracy": 0.33999999999999997,
    "std_accuracy": 0.09300537618869138,
    "mean_balanced_accuracy": 0.33999999999999997,
    "std_balanced_accuracy": 0.09300537618869138
  }
}