{
  "mean_accuracy": 0.5225,
  "std_accuracy": 0.17939133200910237,
  "mean_balanced_accuracy": 0.5225000000000001,
  "std_balanced_accuracy": 0.17939133200910243,
  "n_subjects": 2,
  "n_folds_total": 10
}