{
  "51": {
    "accuracies": [
      0.4,
      0.5,
      0.325,
      0.325,
      0.25
    ],
    "balanced_accuracies": [
      0.4,
      0.5,
      0.325,
      0.32499999999999996,
      0.25
    ],
    "mean_accuracy": 0.36,
    "std_accuracy": 0.0845576726264388,
    "mean_balanced_accuracy": 0.36,
    "std_balanced_accuracy": 0.08455767262643882
  },
  "54": {
    "accuracies": [
      0.775,
      0.575,
      0.675,
      0.725,
      0.675
    ],
    "balanced_accuracies": [
      0.7750000000000001,
      0.5750000000000001,
      0.675,
      0.7250000000000001,
      0.675
    ],
    "mean_accuracy": 0.6850000000000002,
    "std_accuracy": 0.06633249580710802,
    "mean_balanced_accuracy": 0.6850000000000002,
    "std_balanced_accuracy": 0.06633249580710802
  }
}