{
  "mean_accuracy": 0.37,
  "std_accuracy": 0.12489995996796796,
  "mean_balanced_accuracy": 0.37,
  "std_balanced_accuracy": 0.124899959967968,
  "n_subjects": 1,
  "n_folds_total": 5
}