{
  "51": {
    "accuracies": [
      0.25,
      0.4,
      0.3,
      0.3,
      0.6
    ],
    "balanced_accuracies": [
      0.25,
      0.39999999999999997,
      0.30000000000000004,
      0.3,
      0.6000000000000001
    ],
    "mean_accuracy": 0.37,
    "std_accuracy": 0.12489995996796796,
    "mean_balanced_accuracy": 0.37,
    "std_balanced_accuracy": 0.124899959967968
  }
}