{
  "mean_accuracy": 0.47490079365079363,
  "std_accuracy": 0.03405220905531665,
  "mean_balanced_accuracy": 0.47490079365079363,
  "std_balanced_accuracy": 0.03405220905531663,
  "n_groups": 9,
  "n_folds_total": 9
}