{
  "mean_accuracy": 0.6964285714285713,
  "std_accuracy": 0.2176286858342879,
  "mean_balanced_accuracy": 0.6964285714285713,
  "std_balanced_accuracy": 0.2176286858342879,
  "n_subjects": 7,
  "n_folds_total": 35
}