{
  "48": {
    "accuracies": [
      1.0,
      0.85,
      0.925,
      0.95,
      0.95
    ],
    "balanced_accuracies": [
      1.0,
      0.85,
      0.925,
      0.95,
      0.95
    ],
    "mean_accuracy": 0.9350000000000002,
    "std_accuracy": 0.048989794855663564,
    "mean_balanced_accuracy": 0.9350000000000002,
    "std_balanced_accuracy": 0.048989794855663564
  },
  "49": {
    "accuracies": [
      0.85,
      0.725,
      0.825,
      0.8,
      0.825
    ],
    "balanced_accuracies": [
      0.8500000000000001,
      0.7250000000000001,
      0.825,
      0.7999999999999999,
      0.825
    ],
    "mean_accuracy": 0.805,
    "std_accuracy": 0.04301162633521313,
    "mean_balanced_accuracy": 0.805,
    "std_balanced_accuracy": 0.04301162633521311
  },
  "50": {
    "accuracies": [
      0.925,
      0.8,
      0.9,
      0.95,
      0.875
    ],
    "balanced_accuracies": [
      0.925,
      0.8,
      0.9,
      0.95,
      0.875
    ],
    "mean_accuracy": 0.89,
    "std_accuracy": 0.05147815070493498,
    "mean_balanced_accuracy": 0.89,
    "std_balanced_accuracy": 0.05147815070493498
  },
  "51": {
    "accuracies": [
      0.25,
      0.35,
      0.375,
      0.575,
      0.375
    ],
    "balanced_accuracies": [
      0.25,
      0.35,
      0.375,
      0.575,
      0.375
    ],
    "mean_accuracy": 0.38499999999999995,
    "std_accuracy": 0.10559356040971436,
    "mean_balanced_accuracy": 0.38499999999999995,
    "std_balanced_accuracy": 0.10559356040971436
  },
  "52": {
    "accuracies": [
      0.475,
      0.425,
      0.5,
      0.675,
      0.575
    ],
    "balanced_accuracies": [
      0.475,
      0.42500000000000004,
      0.5,
      0.675,
      0.575
    ],
    "mean_accuracy": 0.53,
    "std_accuracy": 0.08717797887081348,
    "mean_balanced_accuracy": 0.53,
    "std_balanced_accuracy": 0.08717797887081347
  },
  "53": {
    "accuracies": [
      0.85,
      0.85,
      0.85,
      0.85,
      0.825
    ],
    "balanced_accuracies": [
      0.8500000000000001,
      0.85,
      0.8500000000000001,
      0.8500000000000001,
      0.825
    ],
    "mean_accuracy": 0.845,
    "std_accuracy": 0.010000000000000009,
    "mean_balanced_accuracy": 0.8450000000000001,
    "std_balanced_accuracy": 0.010000000000000042
  },
  "54": {
    "accuracies": [
      0.475,
      0.6,
      0.325,
      0.525,
      0.5
    ],
    "balanced_accuracies": [
      0.475,
      0.6000000000000001,
      0.325,
      0.525,
      0.5
    ],
    "mean_accuracy": 0.485,
    "std_accuracy": 0.09027735042633894,
    "mean_balanced_accuracy": 0.48500000000000004,
    "std_balanced_accuracy": 0.09027735042633896
  }
}