{
  "mean_accuracy": 0.26999999999999996,
  "std_accuracy": 0.05099019513592784,
  "mean_balanced_accuracy": 0.26999999999999996,
  "std_balanced_accuracy": 0.05099019513592784,
  "n_subjects": 1,
  "n_folds_total": 5
}