{
  "51": {
    "accuracies": [
      0.25,
      0.2,
      0.25,
      0.35,
      0.3
    ],
    "balanced_accuracies": [
      0.25,
      0.2,
      0.25,
      0.35,
      0.30000000000000004
    ],
    "mean_accuracy": 0.26999999999999996,
    "std_accuracy": 0.05099019513592784,
    "mean_balanced_accuracy": 0.26999999999999996,
    "std_balanced_accuracy": 0.05099019513592784
  }
}