{
  "51": {
    "accuracies": [
      0.2,
      0.35,
      0.2,
      0.45,
      0.25
    ],
    "balanced_accuracies": [
      0.2,
      0.35000000000000003,
      0.2,
      0.44999999999999996,
      0.25
    ],
    "mean_accuracy": 0.29,
    "std_accuracy": 0.09695359714832658,
    "mean_balanced_accuracy": 0.29,
    "std_balanced_accuracy": 0.09695359714832656
  }
}