{
  "48": {
    "accuracies": [
      0.975,
      1.0,
      1.0,
      1.0,
      1.0
    ],
    "balanced_accuracies": [
      0.975,
      1.0,
      1.0,
      1.0,
      1.0
    ],
    "mean_accuracy": 0.9949999999999999,
    "std_accuracy": 0.010000000000000009,
    "mean_balanced_accuracy": 0.9949999999999999,
    "std_balanced_accuracy": 0.010000000000000009
  },
  "49": {
    "accuracies": [
      1.0,
      0.925,
      0.975,
      0.95,
      0.975
    ],
    "balanced_accuracies": [
      1.0,
      0.925,
      0.975,
      0.95,
      0.975
    ],
    "mean_accuracy": 0.9649999999999999,
    "std_accuracy": 0.02549509756796391,
    "mean_balanced_accuracy": 0.9649999999999999,
    "std_balanced_accuracy": 0.02549509756796391
  },
  "50": {
    "accuracies": [
      1.0,
      1.0,
      0.975,
      0.975,
      1.0
    ],
    "balanced_accuracies": [
      1.0,
      1.0,
      0.975,
      0.975,
      1.0
    ],
    "mean_accuracy": 0.99,
    "std_accuracy": 0.012247448713915901,
    "mean_balanced_accuracy": 0.99,
    "std_balanced_accuracy": 0.012247448713915901
  },
  "51": {
    "accuracies": [
      0.7,
      0.7,
      0.7,
      0.7,
      0.275
    ],
    "balanced_accuracies": [
      0.7,
      0.7,
      0.7000000000000001,
      0.7,
      0.275
    ],
    "mean_accuracy": 0.615,
    "std_accuracy": 0.16999999999999998,
    "mean_balanced_accuracy": 0.615,
    "std_balanced_accuracy": 0.16999999999999998
  },
  "52": {
    "accuracies": [
      1.0,
      0.95,
      1.0,
      0.975,
      0.975
    ],
    "balanced_accuracies": [
      1.0,
      0.95,
      1.0,
      0.975,
      0.975
    ],
    "mean_accuracy": 0.9800000000000001,
    "std_accuracy": 0.018708286933869722,
    "mean_balanced_accuracy": 0.9800000000000001,
    "std_balanced_accuracy": 0.018708286933869722
  },
  "53": {
    "accuracies": [
      1.0,
      1.0,
      1.0,
      1.0,
      1.0
    ],
    "balanced_accuracies": [
      1.0,
      1.0,
      1.0,
      1.0,
      1.0
    ],
    "mean_accuracy": 1.0,
    "std_accuracy": 0.0,
    "mean_balanced_accuracy": 1.0,
    "std_balanced_accuracy": 0.0
  },
  "54": {
    "accuracies": [
      0.875,
      0.9,
      0.875,
      0.825,
      0.75
    ],
    "balanced_accuracies": [
      0.875,
      0.9,
      0.875,
      0.825,
      0.75
    ],
    "mean_accuracy": 0.845,
    "std_accuracy": 0.05338539126015657,
    "mean_balanced_accuracy": 0.845,
    "std_balanced_accuracy": 0.05338539126015657
  }
}