{
  "mean_accuracy": 0.44750000000000006,
  "std_accuracy": 0.21255881538999974,
  "mean_balanced_accuracy": 0.44750000000000006,
  "std_balanced_accuracy": 0.21255881538999977,
  "n_subjects": 2,
  "n_folds_total": 10
}