{
  "mean_accuracy": 0.8407142857142857,
  "std_accuracy": 0.23238558738546974,
  "mean_balanced_accuracy": 0.8407142857142857,
  "std_balanced_accuracy": 0.23238558738546974,
  "n_subjects": 7,
  "n_folds_total": 35
}