{
  "48": {
    "accuracies": [
      0.95,
      1.0,
      1.0,
      1.0,
      1.0
    ],
    "balanced_accuracies": [
      0.95,
      1.0,
      1.0,
      1.0,
      1.0
    ],
    "mean_accuracy": 0.99,
    "std_accuracy": 0.020000000000000018,
    "mean_balanced_accuracy": 0.99,
    "std_balanced_accuracy": 0.020000000000000018
  },
  "49": {
    "accuracies": [
      0.925,
      0.975,
      0.975,
      0.975,
      0.925
    ],
    "balanced_accuracies": [
      0.9249999999999999,
      0.975,
      0.975,
      0.975,
      0.925
    ],
    "mean_accuracy": 0.9550000000000001,
    "std_accuracy": 0.024494897427831747,
    "mean_balanced_accuracy": 0.9550000000000001,
    "std_balanced_accuracy": 0.02449489742783177
  },
  "50": {
    "accuracies": [
      1.0,
      1.0,
      0.975,
      1.0,
      1.0
    ],
    "balanced_accuracies": [
      1.0,
      1.0,
      0.975,
      1.0,
      1.0
    ],
    "mean_accuracy": 0.9949999999999999,
    "std_accuracy": 0.010000000000000009,
    "mean_balanced_accuracy": 0.9949999999999999,
    "std_balanced_accuracy": 0.010000000000000009
  },
  "51": {
    "accuracies": [
      0.3,
      0.525,
      0.4,
      0.375,
      0.225
    ],
    "balanced_accuracies": [
      0.3,
      0.525,
      0.4,
      0.375,
      0.22499999999999998
    ],
    "mean_accuracy": 0.36500000000000005,
    "std_accuracy": 0.10074720839804943,
    "mean_balanced_accuracy": 0.36500000000000005,
    "std_balanced_accuracy": 0.10074720839804943
  },
  "52": {
    "accuracies": [
      0.95,
      0.9,
      0.925,
      0.95,
      0.975
    ],
    "balanced_accuracies": [
      0.95,
      0.9,
      0.925,
      0.95,
      0.975
    ],
    "mean_accuracy": 0.9400000000000001,
    "std_accuracy": 0.0254950975679639,
    "mean_balanced_accuracy": 0.9400000000000001,
    "std_balanced_accuracy": 0.0254950975679639
  },
  "53": {
    "accuracies": [
      1.0,
      1.0,
      0.975,
      1.0,
      1.0
    ],
    "balanced_accuracies": [
      1.0,
      1.0,
      0.975,
      1.0,
      1.0
    ],
    "mean_accuracy": 0.9949999999999999,
    "std_accuracy": 0.010000000000000009,
    "mean_balanced_accuracy": 0.9949999999999999,
    "std_balanced_accuracy": 0.010000000000000009
  },
  "54": {
    "accuracies": [
      0.775,
      0.625,
      0.725,
      0.525,
      0.575
    ],
    "balanced_accuracies": [
      0.775,
      0.625,
      0.7249999999999999,
      0.525,
      0.575
    ],
    "mean_accuracy": 0.6449999999999999,
    "std_accuracy": 0.09273618495495704,
    "mean_balanced_accuracy": 0.6449999999999999,
    "std_balanced_accuracy": 0.09273618495495703
  }
}