{
  "mean_accuracy": 0.8148148148148148,
  "std_accuracy": 0.07768954430890011,
  "mean_balanced_accuracy": 0.8162695798565365,
  "std_balanced_accuracy": 0.07711236576020428,
  "n_groups": 9,
  "n_folds_total": 9
}